created_at,entry_id,soilmoisture,humidity,temperature
2021-04-28T15:28:00+05:30,1,197,95,32.5
2021-04-28T15:28:16+05:30,2,197,95,32.4
2021-04-28T15:28:31+05:30,3,197,95,32.3
2021-04-28T15:28:46+05:30,4,197,95,32.5
2021-04-28T15:29:01+05:30,5,197,95,32.4
2021-04-28T15:29:17+05:30,6,197,95,32.4
2021-04-28T15:35:40+05:30,7,197,95,32.2
2021-04-28T15:35:56+05:30,8,196,95,32.2
2021-04-28T15:36:12+05:30,9,197,95,32.2
2021-04-28T15:36:27+05:30,10,197,95,32.4
2021-04-28T15:36:42+05:30,11,197,95,32.4
2021-04-28T15:36:59+05:30,12,197,95,32.5
2021-04-28T15:37:14+05:30,13,197,95,32.5
2021-04-28T15:37:29+05:30,14,197,95,32.3
2021-04-28T15:37:45+05:30,15,197,95,32.5
2021-04-28T15:38:00+05:30,16,197,95,32.5
2021-04-28T15:38:15+05:30,17,197,95,32.4
2021-04-28T15:38:31+05:30,18,197,95,32.5
2021-04-28T15:38:46+05:30,19,197,95,32.5
2021-04-28T15:39:01+05:30,20,197,95,32.5
2021-04-28T15:39:17+05:30,21,197,95,32.5
2021-04-28T15:39:32+05:30,22,197,95,32.5
2021-04-28T15:39:47+05:30,23,197,95,32.5
2021-04-28T15:40:02+05:30,24,197,95,32.4
2021-04-28T15:40:18+05:30,25,197,95,32.5
2021-04-28T15:40:33+05:30,26,197,74,32.6
2021-04-28T15:40:48+05:30,27,197,74,32.6
2021-04-28T15:41:04+05:30,28,197,73,32.6
2021-04-28T15:41:19+05:30,29,197,73,32.6
2021-04-28T15:41:34+05:30,30,197,74,32.6
2021-04-28T15:41:49+05:30,31,197,73,32.6
2021-04-28T15:42:05+05:30,32,197,73,32.6
2021-04-28T15:42:20+05:30,33,197,73,32.5
2021-04-28T15:42:35+05:30,34,197,94,32.6
2021-04-28T15:42:50+05:30,35,197,93,32.6
2021-04-28T15:43:06+05:30,36,197,94,32.6
2021-04-28T15:43:21+05:30,37,197,94,32.5
2021-04-28T15:43:36+05:30,38,197,94,32.5
2021-04-28T15:43:51+05:30,39,197,94,32.6
2021-04-28T15:44:07+05:30,40,197,94,32.6
2021-04-28T15:44:22+05:30,41,197,94,32.6
2021-04-28T15:44:37+05:30,42,197,94,32.6
2021-04-28T15:44:53+05:30,43,197,94,32.6
2021-04-28T15:45:08+05:30,44,197,94,32.6
2021-04-28T15:45:23+05:30,45,197,94,32.5
2021-04-28T15:45:39+05:30,46,197,94,32.5
2021-04-28T15:45:54+05:30,47,197,94,32.5
2021-04-28T15:47:56+05:30,48,197,88,32.5
2021-04-28T15:48:12+05:30,49,197,86,32.4
2021-04-28T15:48:27+05:30,50,196,83,32.4
2021-04-28T15:48:42+05:30,51,197,83,32.4
2021-04-28T15:48:57+05:30,52,197,84,32.4
2021-04-28T15:49:13+05:30,53,197,83,32.5
2021-04-28T15:49:28+05:30,54,196,82,32.5
2021-04-28T15:49:43+05:30,55,197,89,32.4
2021-04-28T15:49:58+05:30,56,197,89,32.5
2021-04-28T15:50:14+05:30,57,197,89,32.5
2021-04-28T15:50:29+05:30,58,197,89,32.5
2021-04-28T15:50:44+05:30,59,197,89,32.5
2021-04-28T15:51:00+05:30,60,197,89,32.5
2021-04-28T15:51:15+05:30,61,196,89,32.5
2021-04-28T16:14:11+05:30,62,197,95,32.5
2021-04-28T16:14:26+05:30,63,196,93,32.6
2021-04-28T16:14:41+05:30,64,197,89,32.7
2021-04-28T16:14:56+05:30,65,197,88,32.5
2021-04-28T16:15:12+05:30,66,196,87,32.6
2021-04-28T16:15:27+05:30,67,197,86,32.7
2021-04-28T16:15:42+05:30,68,197,85,32.7
2021-04-28T16:15:57+05:30,69,196,85,32.7
2021-04-28T16:16:13+05:30,70,196,85,32.7
2021-04-28T16:16:28+05:30,71,197,85,32.7
2021-04-28T16:16:44+05:30,72,196,84,32.7
2021-04-28T16:16:59+05:30,73,197,82,32.7
2021-04-28T16:17:14+05:30,74,197,82,32.7
2021-04-28T16:17:30+05:30,75,196,82,32.7
2021-04-28T16:17:45+05:30,76,197,81,32.7
2021-04-28T16:18:00+05:30,77,196,81,32.7
2021-04-28T16:45:06+05:30,78,196,77,32.4
2021-04-28T16:45:22+05:30,79,197,76,32.3
2021-04-28T16:45:37+05:30,80,197,76,32.4
2021-04-28T16:46:20+05:30,81,197,76,32.4
2021-04-28T16:46:36+05:30,82,196,76,32.4
2021-04-28T16:46:51+05:30,83,197,nan,nan
2021-04-28T16:47:06+05:30,84,196,76,32.5
2021-04-28T16:47:22+05:30,85,194,76,32.4
2021-04-28T16:47:37+05:30,86,196,75,32.5
2021-04-28T16:47:52+05:30,87,196,76,32.5
2021-04-28T16:48:08+05:30,88,196,nan,nan
2021-04-28T16:48:23+05:30,89,195,77,32.6
2021-04-28T16:48:39+05:30,90,194,76,32.6
2021-04-28T16:49:56+05:30,91,195,80,32.4
2021-04-28T16:50:12+05:30,92,195,77,32.2
2021-04-28T16:50:27+05:30,93,196,77,32.3
2021-04-28T16:50:42+05:30,94,193,76,32.3
2021-04-28T16:50:58+05:30,95,195,76,32.5
2021-04-28T16:51:13+05:30,96,197,76,32.5
2021-04-28T16:51:28+05:30,97,195,76,32.5
2021-04-28T16:51:44+05:30,98,196,76,32.5
2021-04-28T16:51:59+05:30,99,196,nan,nan
2021-04-28T16:52:14+05:30,100,196,75,32.5
2021-04-28T16:52:29+05:30,101,196,86,32.5
2021-04-28T16:52:45+05:30,102,194,75,32.5
2021-04-28T16:53:00+05:30,103,196,88,32.7
2021-04-28T16:53:15+05:30,104,194,75,32.5
2021-04-28T16:53:30+05:30,105,196,76,32.5
2021-04-28T16:53:46+05:30,106,196,75,32.5
2021-04-28T16:54:01+05:30,107,196,76,32.5
2021-04-28T16:54:16+05:30,108,196,75,32.5
2021-04-28T16:54:32+05:30,109,197,75,32.6
2021-04-28T16:54:47+05:30,110,195,75,32.5
2021-04-28T16:55:03+05:30,111,194,75,32.5
2021-04-28T16:55:18+05:30,112,192,75,32.5
2021-04-28T16:55:33+05:30,113,195,75,32.6
2021-04-28T16:55:48+05:30,114,195,75,32.7
2021-04-28T16:56:04+05:30,115,195,75,32.5
2021-04-28T16:56:19+05:30,116,194,75,32.5
2021-04-28T16:56:35+05:30,117,193,75,32.5
2021-04-28T16:56:50+05:30,118,192,75,32.5
2021-04-28T16:57:05+05:30,119,196,74,32.5
2021-04-28T17:14:12+05:30,120,196,nan,nan
2021-04-28T17:14:28+05:30,121,197,nan,nan
2021-04-28T17:14:43+05:30,122,197,nan,nan
2021-04-28T17:14:59+05:30,123,196,nan,nan
2021-04-28T17:15:14+05:30,124,196,nan,nan
2021-04-28T17:15:30+05:30,125,196,nan,nan
2021-04-28T17:15:46+05:30,126,197,nan,nan
2021-04-28T17:16:01+05:30,127,196,nan,nan
2021-04-28T17:16:17+05:30,128,196,nan,nan
2021-04-28T17:16:32+05:30,129,197,nan,nan
2021-04-28T18:09:33+05:30,130,196,75,32.8
2021-04-28T18:09:48+05:30,131,197,75,33
2021-04-28T18:10:04+05:30,132,196,74,32.7
2021-04-28T18:10:19+05:30,133,196,74,32.7
2021-04-28T18:10:34+05:30,134,196,74,32.7
2021-04-28T18:10:50+05:30,135,196,74,32.7
2021-04-28T18:11:05+05:30,136,196,74,32.8
2021-04-28T18:11:20+05:30,137,196,74,32.8
2021-04-28T18:11:36+05:30,138,196,74,32.8
2021-04-28T18:11:51+05:30,139,196,75,32.9
2021-04-28T18:12:06+05:30,140,196,77,33
2021-04-28T18:12:22+05:30,141,197,75,33
2021-04-28T18:12:37+05:30,142,196,74,33
2021-04-28T18:12:52+05:30,143,196,74,33
2021-04-28T18:13:07+05:30,144,196,74,33
2021-04-28T18:13:23+05:30,145,197,74,33
2021-04-28T18:13:38+05:30,146,197,74,33
2021-04-28T18:13:53+05:30,147,196,74,33
2021-04-28T18:24:31+05:30,148,196,73,32.9
2021-04-28T18:24:46+05:30,149,197,75,32.6
2021-04-28T18:25:01+05:30,150,196,74,32.5
2021-04-28T18:25:16+05:30,151,196,75,32.5
2021-04-28T18:25:32+05:30,152,197,76,32.6
2021-04-28T18:25:47+05:30,153,196,nan,nan
2021-04-28T18:27:20+05:30,154,196,85,31.2
2021-04-28T18:27:35+05:30,155,197,85,32.8
2021-04-28T18:27:51+05:30,156,196,75,32.7
2021-04-28T18:28:06+05:30,157,196,74,32.7
2021-04-28T18:28:21+05:30,158,197,74,32.7
2021-04-28T18:28:36+05:30,159,196,75,32.7
2021-04-28T18:28:52+05:30,160,196,74,32.7
2021-04-28T18:29:07+05:30,161,193,74,32.8
2021-04-28T18:29:22+05:30,162,196,75,32.8
2021-04-28T18:29:38+05:30,163,196,74,32.8
2021-04-28T18:29:53+05:30,164,197,76,33
2021-04-28T18:30:08+05:30,165,196,75,33.1
2021-04-28T18:30:24+05:30,166,196,76,33.3
2021-04-28T18:30:39+05:30,167,197,72,33.6
2021-04-28T18:30:54+05:30,168,196,71,33.5
2021-04-28T18:31:09+05:30,169,197,72,33.4
2021-04-28T18:31:25+05:30,170,196,72,33.3
2021-04-28T18:31:40+05:30,171,196,73,33.2
2021-04-28T18:31:56+05:30,172,196,73,33.1
2021-04-28T18:32:11+05:30,173,197,73,33
2021-04-28T18:32:26+05:30,174,197,74,33
2021-04-28T18:33:08+05:30,175,196,75,33
2021-04-28T18:33:24+05:30,176,196,75,32.7
2021-04-28T18:33:40+05:30,177,196,nan,nan
2021-04-28T18:33:56+05:30,178,197,nan,nan
2021-04-28T18:34:11+05:30,179,196,nan,nan
2021-04-28T18:34:27+05:30,180,197,nan,nan
2021-04-28T18:34:42+05:30,181,197,nan,nan
2021-04-28T18:34:58+05:30,182,196,nan,nan
2021-04-28T18:35:14+05:30,183,195,nan,nan
2021-04-28T18:35:29+05:30,184,196,nan,nan
2021-04-28T18:35:44+05:30,185,196,nan,nan
2021-04-28T18:36:00+05:30,186,196,nan,nan
2021-04-28T18:36:16+05:30,187,197,nan,nan
2021-04-28T18:36:50+05:30,188,197,nan,nan
2021-04-28T18:37:05+05:30,189,196,nan,nan
2021-04-28T18:37:21+05:30,190,196,nan,nan
2021-04-28T18:37:37+05:30,191,196,nan,nan
2021-04-28T18:37:52+05:30,192,196,nan,nan
2021-04-28T18:50:55+05:30,193,196,76,32.5
2021-04-28T18:51:10+05:30,194,196,77,33
2021-04-28T18:51:26+05:30,195,196,76,32.8
2021-04-28T18:52:12+05:30,196,196,76,32.6
2021-04-28T18:52:28+05:30,197,196,77,32.6
2021-04-28T18:52:43+05:30,198,197,77,32.9
2021-04-28T18:53:31+05:30,199,196,76,32.6
2021-04-28T18:53:47+05:30,200,197,76,32.7
2021-04-28T18:54:02+05:30,201,197,77,32.8
2021-04-28T18:54:18+05:30,202,196,76,32.7
2021-04-28T18:54:33+05:30,203,196,76,33
2021-04-28T18:54:48+05:30,204,196,75,32.9
2021-04-28T18:55:38+05:30,205,197,76,33.1
2021-04-28T18:55:53+05:30,206,196,77,33
2021-04-28T18:56:08+05:30,207,196,76,32.8
2021-04-28T18:57:10+05:30,208,196,78,32.4
2021-04-28T18:57:25+05:30,209,197,76,32.7
2021-04-28T18:57:41+05:30,210,197,76,32.6
2021-04-28T18:57:56+05:30,211,197,75,32.8
2021-04-28T18:58:11+05:30,212,196,75,32.8
2021-04-28T18:58:27+05:30,213,196,75,32.9
2021-04-28T18:58:42+05:30,214,196,75,32.9
2021-04-28T18:58:57+05:30,215,197,75,32.9
2021-04-28T18:59:12+05:30,216,196,75,32.9
2021-04-28T18:59:28+05:30,217,197,76,33
2021-04-28T18:59:44+05:30,218,196,75,33
2021-04-28T19:00:00+05:30,219,197,76,33
2021-04-28T19:00:15+05:30,220,196,74,32.9
2021-04-28T19:00:30+05:30,221,197,74,32.9
2021-04-28T19:00:46+05:30,222,197,74,32.9
2021-04-28T19:01:01+05:30,223,196,75,33
2021-04-28T19:01:22+05:30,224,196,75,33
2021-04-28T19:01:37+05:30,225,196,75,33
2021-04-28T19:01:52+05:30,226,196,74,33
2021-04-28T19:02:08+05:30,227,197,76,33
2021-04-28T19:02:23+05:30,228,197,75,33.1
2021-04-28T19:02:39+05:30,229,197,74,33.1
2021-04-28T19:02:54+05:30,230,197,75,33.1
2021-04-28T19:03:09+05:30,231,197,74,33.1
2021-04-28T19:03:24+05:30,232,196,75,33
2021-04-28T19:03:40+05:30,233,197,75,33
2021-04-28T19:03:55+05:30,234,196,75,33
2021-04-28T19:04:10+05:30,235,197,76,33.1
2021-04-28T19:04:26+05:30,236,196,76,33.1
2021-04-28T19:04:41+05:30,237,196,75,33.1
2021-04-28T19:04:56+05:30,238,197,75,33.2
2021-04-28T19:05:12+05:30,239,197,76,33.2
2021-04-28T19:05:27+05:30,240,197,75,33.2
2021-04-28T19:05:42+05:30,241,196,75,33.2
2021-04-28T19:05:58+05:30,242,196,75,33.2
2021-04-28T19:06:13+05:30,243,197,75,33.2
2021-04-28T19:06:28+05:30,244,196,75,33.2
2021-04-28T19:06:43+05:30,245,197,75,33.2
2021-04-28T19:06:59+05:30,246,196,75,33.2
2021-04-28T19:07:14+05:30,247,197,75,33.2
2021-04-28T19:07:30+05:30,248,197,75,33.2
2021-04-28T19:07:45+05:30,249,196,75,33.2
2021-04-28T19:08:00+05:30,250,196,75,33.2
2021-04-28T19:08:15+05:30,251,196,75,33.2
2021-04-28T19:08:31+05:30,252,197,75,33.2
2021-04-28T19:08:46+05:30,253,197,75,33.3
2021-04-28T19:09:01+05:30,254,197,75,33.3
2021-04-28T19:09:17+05:30,255,197,74,33.4
2021-04-28T19:09:32+05:30,256,197,74,33.4
2021-04-28T19:09:47+05:30,257,197,74,33.3
2021-04-28T19:10:03+05:30,258,197,74,33.3
2021-04-28T19:10:18+05:30,259,197,74,33.2
2021-04-28T19:10:33+05:30,260,197,74,33.2
2021-04-28T19:10:49+05:30,261,197,73,33.2
2021-04-28T19:11:04+05:30,262,196,73,33.1
2021-04-28T19:11:19+05:30,263,197,74,33
2021-04-28T19:11:34+05:30,264,196,74,33.1
2021-04-28T19:11:50+05:30,265,197,74,33.1
2021-04-28T19:12:05+05:30,266,197,75,33
2021-04-28T19:12:20+05:30,267,196,75,33
2021-04-28T19:12:36+05:30,268,196,75,33
2021-04-28T19:12:52+05:30,269,197,74,33
2021-04-28T19:13:07+05:30,270,197,74,33
2021-04-28T19:13:22+05:30,271,196,75,33
2021-04-28T19:13:38+05:30,272,196,75,33
2021-04-28T19:13:53+05:30,273,196,74,32.9
2021-04-28T19:14:09+05:30,274,196,74,32.9
2021-04-28T19:14:24+05:30,275,197,74,32.9
2021-04-28T19:14:39+05:30,276,196,74,32.8
2021-04-28T19:14:54+05:30,277,197,74,32.8
2021-04-28T19:15:10+05:30,278,196,75,32.8
2021-04-28T19:15:25+05:30,279,197,75,32.8
2021-04-28T19:15:40+05:30,280,196,75,32.8
2021-04-28T19:15:56+05:30,281,197,75,32.8
2021-04-28T19:16:11+05:30,282,197,74,32.8
2021-04-28T19:16:26+05:30,283,196,75,32.7
2021-04-28T19:16:42+05:30,284,196,75,32.7
2021-04-28T19:16:57+05:30,285,196,75,32.7
2021-04-28T19:17:12+05:30,286,197,75,32.7
2021-04-28T19:17:28+05:30,287,197,75,32.8
2021-04-28T19:17:43+05:30,288,196,75,32.8
2021-04-28T19:17:59+05:30,289,197,75,32.8
2021-04-28T19:18:14+05:30,290,197,75,32.8
2021-04-28T19:18:29+05:30,291,197,75,32.8
2021-04-28T19:18:44+05:30,292,197,74,32.7
2021-04-28T19:19:00+05:30,293,197,75,32.7
2021-04-28T19:19:15+05:30,294,196,74,32.7
2021-04-28T19:19:30+05:30,295,196,75,32.7
2021-04-28T19:19:46+05:30,296,197,74,32.7
2021-04-28T19:20:01+05:30,297,197,74,32.7
2021-04-28T19:20:16+05:30,298,197,74,32.7
2021-04-28T19:20:33+05:30,299,197,74,32.7
2021-04-28T19:20:48+05:30,300,197,74,32.7
2021-04-28T19:21:03+05:30,301,196,75,32.7
2021-04-28T19:21:19+05:30,302,197,75,32.7
2021-04-28T19:21:34+05:30,303,196,75,32.3
2021-04-28T19:21:49+05:30,304,196,74,32.7
2021-04-28T19:22:05+05:30,305,197,74,32.7
2021-04-28T19:22:20+05:30,306,196,74,32.6
2021-04-28T19:22:35+05:30,307,196,74,32.6
2021-04-28T19:22:50+05:30,308,196,74,32.6
2021-04-28T19:23:06+05:30,309,197,75,32.6
2021-04-28T19:23:48+05:30,310,197,74,32.5
2021-04-28T19:24:03+05:30,311,197,74,32.5
2021-04-28T19:24:19+05:30,312,197,75,32.5
2021-04-28T19:24:34+05:30,313,197,75,32.5
2021-04-28T19:24:50+05:30,314,197,75,32.5
2021-04-28T19:25:05+05:30,315,197,75,32.5
2021-04-28T19:25:20+05:30,316,196,75,32.5
2021-04-28T19:25:36+05:30,317,197,76,32.5
2021-04-28T19:25:51+05:30,318,197,76,33
2021-04-28T19:26:06+05:30,319,197,75,32.5
2021-04-28T19:26:22+05:30,320,196,75,32.6
2021-04-28T19:26:37+05:30,321,197,75,32.7
2021-04-28T19:26:52+05:30,322,197,75,32.7
2021-04-28T19:27:07+05:30,323,197,74,32.7
2021-04-28T19:27:23+05:30,324,197,74,32.7
2021-04-28T19:27:38+05:30,325,197,74,32.7
2021-04-28T19:27:54+05:30,326,197,74,32.7
2021-04-28T19:28:09+05:30,327,197,74,32.7
2021-04-28T19:28:25+05:30,328,196,74,32.7
2021-04-28T19:28:40+05:30,329,197,74,32.7
2021-04-28T19:28:55+05:30,330,197,74,32.7
2021-04-28T19:29:10+05:30,331,196,74,32.7
2021-04-28T19:29:26+05:30,332,197,74,32.7
2021-04-28T19:29:41+05:30,333,197,74,32.7
2021-04-28T19:29:59+05:30,334,196,74,32.7
2021-04-28T19:30:14+05:30,335,197,74,32.7
2021-04-28T19:30:30+05:30,336,197,74,32.8
2021-04-28T19:31:24+05:30,337,196,73,32.7
2021-04-28T19:31:39+05:30,338,196,74,32.7
2021-04-28T19:31:55+05:30,339,196,74,32.7
2021-04-28T19:32:10+05:30,340,196,74,32.7
2021-04-28T19:32:25+05:30,341,196,74,32.7
2021-04-28T19:32:41+05:30,342,197,74,32.7
2021-04-28T19:32:56+05:30,343,196,74,32.7
2021-04-28T19:33:12+05:30,344,197,74,32.7
2021-04-28T19:33:27+05:30,345,197,74,32.6
2021-04-28T19:33:43+05:30,346,197,74,32.6
2021-04-28T19:34:02+05:30,347,197,74,32.6
2021-04-28T19:34:17+05:30,348,196,75,32.7
2021-04-28T19:34:33+05:30,349,196,74,32.7
2021-04-28T19:34:48+05:30,350,197,75,32.8
2021-04-28T19:35:04+05:30,351,196,74,32.8
2021-04-28T19:35:19+05:30,352,197,74,32.9
2021-04-28T19:35:34+05:30,353,196,75,33
2021-04-28T19:35:50+05:30,354,197,75,33
2021-04-28T19:36:05+05:30,355,197,74,33
2021-04-28T19:36:21+05:30,356,196,75,33
2021-04-28T19:36:36+05:30,357,196,74,33
2021-04-28T19:37:06+05:30,358,197,75,33.1
2021-04-28T19:37:22+05:30,359,197,75,33
2021-04-28T19:37:38+05:30,360,196,75,33
2021-04-28T19:37:53+05:30,361,196,74,33
2021-04-28T19:38:09+05:30,362,196,74,33
2021-04-28T19:39:36+05:30,363,197,74,33.1
2021-04-28T19:41:38+05:30,364,196,74,33.2
2021-04-28T19:41:54+05:30,365,197,73,33.1
2021-04-28T19:42:09+05:30,366,197,73,33.2
2021-04-28T19:42:24+05:30,367,197,73,33.2
2021-04-28T19:42:40+05:30,368,197,73,33.3
2021-04-28T19:42:55+05:30,369,197,73,33.2
2021-04-28T19:43:10+05:30,370,197,73,33.2
2021-04-28T19:43:25+05:30,371,197,73,33.2
2021-04-28T19:43:41+05:30,372,196,73,33.2
2021-04-28T19:44:00+05:30,373,196,74,33.2
2021-04-28T19:44:15+05:30,374,197,74,33.3
2021-04-28T19:44:30+05:30,375,196,74,33.3
2021-04-28T19:44:46+05:30,376,197,74,33.3
2021-04-28T19:45:01+05:30,377,196,74,33.3
2021-04-28T19:45:17+05:30,378,197,73,33.3
2021-04-28T19:45:32+05:30,379,196,73,33.3
2021-04-28T19:45:47+05:30,380,197,73,33.4
2021-04-28T19:46:02+05:30,381,196,73,33.4
2021-04-28T19:46:18+05:30,382,196,73,33.4
2021-04-28T19:47:11+05:30,383,201,73,33.5
2021-04-28T19:47:26+05:30,384,202,73,33.4
2021-04-28T19:47:42+05:30,385,202,73,33.5
2021-04-28T19:47:57+05:30,386,202,73,33.5
2021-04-28T19:48:12+05:30,387,203,73,33.5
2021-04-28T19:49:06+05:30,388,67,73,33.5
2021-04-28T19:49:21+05:30,389,0,73,33.5
2021-04-28T19:49:37+05:30,390,100,74,33.5
2021-04-28T19:49:52+05:30,391,67,73,33.9
2021-04-28T19:50:07+05:30,392,33,74,34
2021-04-28T19:50:23+05:30,393,17,73,33.5
2021-04-28T19:50:38+05:30,394,50,73,33.6
2021-04-28T19:50:53+05:30,395,67,nan,nan
2021-04-28T19:51:09+05:30,396,33,74,33.6
2021-04-28T19:51:25+05:30,397,33,73,33.7
2021-04-28T19:51:41+05:30,398,50,73,33.9
2021-04-28T19:51:56+05:30,399,83,73,33.7
2021-04-28T19:52:11+05:30,400,0,74,33.2
2021-04-28T19:52:27+05:30,401,83,73,33.6
2021-04-28T19:52:42+05:30,402,83,73,33.3
2021-04-28T19:52:58+05:30,403,33,73,33.6
2021-04-28T19:53:13+05:30,404,33,73,33.6
2021-04-28T19:53:28+05:30,405,0,73,33.6
2021-04-28T19:53:43+05:30,406,17,72,33.5
2021-04-28T19:53:59+05:30,407,17,72,33.5
2021-04-28T19:54:14+05:30,408,17,72,33.5
2021-04-28T19:54:30+05:30,409,0,72,33.4
2021-04-28T19:54:45+05:30,410,67,73,33.4
2021-04-28T19:55:00+05:30,411,67,73,33.5
2021-04-28T19:55:16+05:30,412,50,74,33.5
2021-04-28T19:55:32+05:30,413,33,73,33.1
2021-04-28T19:55:47+05:30,414,50,72,33.2
2021-04-28T19:56:13+05:30,415,67,74,33.7
2021-04-28T19:57:04+05:30,416,56,72,33.5
2021-04-28T19:57:20+05:30,417,56,73,33
2021-04-28T19:57:36+05:30,418,67,72,33.5
2021-04-28T19:57:52+05:30,419,56,72,33.6
2021-04-28T19:58:07+05:30,420,56,72,32.7
2021-04-28T19:58:55+05:30,421,67,73,33.3
2021-04-28T19:59:11+05:30,422,56,73,33.5
2021-04-28T19:59:26+05:30,423,78,72,33
2021-04-28T19:59:42+05:30,424,67,72,33.5
2021-04-28T19:59:58+05:30,425,89,71,33.3
2021-04-28T20:00:13+05:30,426,22,71,33.5
2021-04-28T20:00:30+05:30,427,67,71,33.6
2021-04-28T20:00:45+05:30,428,22,72,33.7
2021-04-28T20:01:01+05:30,429,56,71,33.6
2021-04-28T20:01:16+05:30,430,56,71,33.6
2021-04-28T20:01:31+05:30,431,44,72,33.6
2021-04-28T20:01:47+05:30,432,56,72,33.6
2021-04-28T20:02:03+05:30,433,56,72,33.6
2021-04-28T20:02:19+05:30,434,67,72,33.6
2021-04-28T20:02:34+05:30,435,67,72,33.6
2021-04-28T20:02:50+05:30,436,67,72,33.7
2021-04-28T20:03:05+05:30,437,78,72,33.7
2021-04-28T20:03:21+05:30,438,44,72,33.7
2021-04-28T20:03:36+05:30,439,78,72,33.7
2021-04-28T20:03:52+05:30,440,89,72,33.7
2021-04-28T20:04:07+05:30,441,78,72,33.7
2021-04-28T20:04:23+05:30,442,78,71,33.7
2021-04-28T20:04:38+05:30,443,67,71,33.7
2021-04-28T20:04:53+05:30,444,78,71,33.7
2021-04-28T20:05:09+05:30,445,56,71,33.5
2021-04-28T20:05:25+05:30,446,44,71,33.5
2021-04-28T20:05:40+05:30,447,44,71,33.5
2021-04-28T20:05:58+05:30,448,67,71,33.5
2021-04-28T20:06:13+05:30,449,67,72,33.5
2021-04-28T20:06:29+05:30,450,78,72,33.5
2021-04-28T20:06:44+05:30,451,22,72,33.5
2021-04-28T20:06:59+05:30,452,67,72,33.5
2021-04-28T20:07:15+05:30,453,33,73,33.4
2021-04-28T20:07:31+05:30,454,33,73,33.4
2021-04-28T20:07:46+05:30,455,67,73,33.3
2021-04-28T20:08:02+05:30,456,67,73,33.3
2021-04-28T20:08:17+05:30,457,56,73,33.3
2021-04-28T20:08:32+05:30,458,78,74,33.2
2021-04-28T20:08:48+05:30,459,56,73,33.3
2021-04-28T20:09:03+05:30,460,78,73,33.4
2021-04-28T20:09:18+05:30,461,56,73,33.2
2021-04-28T20:09:34+05:30,462,11,73,33.3
2021-04-28T20:09:49+05:30,463,33,72,33.3
2021-04-28T20:10:05+05:30,464,67,72,33.1
2021-04-28T20:10:20+05:30,465,89,72,33.3
2021-04-28T20:10:35+05:30,466,78,73,33.2
2021-04-28T20:10:51+05:30,467,44,73,33.2
2021-04-28T20:11:06+05:30,468,56,73,33.2
2021-04-28T20:11:22+05:30,469,33,73,33.2
2021-04-28T20:11:38+05:30,470,22,73,33.2
2021-04-28T20:11:53+05:30,471,67,72,33.2
2021-04-28T20:12:08+05:30,472,33,73,33.2
2021-04-28T20:12:24+05:30,473,78,73,33.2
2021-04-28T20:12:39+05:30,474,33,73,33.2
2021-04-28T20:12:55+05:30,475,33,73,33.1
2021-04-28T20:13:10+05:30,476,89,73,33.1
2021-04-28T20:13:25+05:30,477,56,73,33.2
2021-04-28T20:13:41+05:30,478,67,73,33.2
2021-04-28T20:13:57+05:30,479,78,73,33.2
2021-04-28T20:14:12+05:30,480,67,73,33.1
2021-04-28T20:14:30+05:30,481,78,73,33.1
2021-04-28T20:14:48+05:30,482,78,73,33.1
2021-04-28T20:15:04+05:30,483,78,73,33
2021-04-28T20:15:20+05:30,484,44,73,33.1
2021-04-28T20:15:35+05:30,485,67,73,33.1
2021-04-28T20:15:50+05:30,486,33,73,33
2021-04-28T20:16:06+05:30,487,67,73,33
2021-04-28T20:16:21+05:30,488,100,73,33
2021-04-28T20:16:36+05:30,489,56,73,33
2021-04-28T20:16:52+05:30,490,56,73,33
2021-04-28T20:17:07+05:30,491,78,73,33
2021-04-28T20:17:23+05:30,492,33,74,33
2021-04-28T20:17:38+05:30,493,67,74,33
2021-04-28T20:17:53+05:30,494,67,74,33
2021-04-28T20:18:09+05:30,495,78,74,33
2021-04-28T20:18:24+05:30,496,67,74,33
2021-04-28T20:18:40+05:30,497,78,74,33
2021-04-28T20:18:55+05:30,498,78,73,33
2021-04-28T20:19:10+05:30,499,67,73,33
2021-04-28T20:19:26+05:30,500,67,74,33
2021-04-28T20:19:41+05:30,501,44,74,33
2021-04-28T20:19:57+05:30,502,67,74,33
2021-04-28T20:20:12+05:30,503,67,74,33
2021-04-28T20:20:27+05:30,504,78,74,33
2021-04-28T20:20:42+05:30,505,33,74,33
2021-04-28T20:20:59+05:30,506,67,74,33
2021-04-28T20:21:14+05:30,507,78,73,33
2021-04-28T20:21:30+05:30,508,78,73,33
2021-04-28T20:21:45+05:30,509,67,73,33
2021-04-28T20:22:00+05:30,510,56,73,33
2021-04-28T20:22:16+05:30,511,67,73,32.9
2021-04-28T20:22:31+05:30,512,67,73,32.9
2021-04-28T20:22:47+05:30,513,44,73,32.9
2021-04-28T20:23:02+05:30,514,67,73,32.9
2021-04-28T20:23:17+05:30,515,78,73,32.9
2021-04-28T20:23:33+05:30,516,56,73,32.9
2021-04-28T20:23:48+05:30,517,78,73,32.9
2021-04-28T20:24:03+05:30,518,56,73,32.9
2021-04-28T20:24:19+05:30,519,78,73,32.9
2021-04-28T20:24:34+05:30,520,56,73,32.9
2021-04-28T20:24:50+05:30,521,67,73,32.9
2021-04-28T20:25:05+05:30,522,100,73,32.9
2021-04-28T20:25:20+05:30,523,78,73,32.9
2021-04-28T20:25:36+05:30,524,67,73,32.9
2021-04-28T20:25:51+05:30,525,67,73,32.8
2021-04-28T20:26:07+05:30,526,33,73,32.9
2021-04-28T20:26:22+05:30,527,56,73,32.9
2021-04-28T20:27:19+05:30,528,142,73,32.9
2021-04-28T20:27:35+05:30,529,142,73,32.8
2021-04-28T20:27:50+05:30,530,142,73,32.9
2021-04-28T20:28:05+05:30,531,142,73,32.9
2021-04-28T20:28:21+05:30,532,142,73,32.9
2021-04-28T20:28:36+05:30,533,142,73,32.8
2021-04-28T20:28:51+05:30,534,142,73,32.9
2021-04-28T20:29:06+05:30,535,142,73,32.9
2021-04-28T20:29:22+05:30,536,142,73,32.5
2021-04-28T20:29:37+05:30,537,142,73,32.9
2021-04-28T20:29:53+05:30,538,142,73,32.9
2021-04-28T20:30:08+05:30,539,142,73,32.9
2021-04-28T20:30:23+05:30,540,142,73,32.9
2021-04-28T20:30:39+05:30,541,142,73,32.9
2021-04-28T20:30:54+05:30,542,142,73,32.9
2021-04-28T20:31:09+05:30,543,142,74,33
2021-04-28T20:31:25+05:30,544,142,72,32.9
2021-04-28T20:31:40+05:30,545,142,73,32.9
2021-04-28T20:31:55+05:30,546,142,73,32.9
2021-04-28T20:32:11+05:30,547,142,73,32.9
2021-04-28T20:32:26+05:30,548,143,73,32.9
2021-04-28T20:32:42+05:30,549,142,73,32.8
2021-04-28T20:32:57+05:30,550,142,73,32.8
2021-04-28T20:33:12+05:30,551,142,73,32.8
2021-04-28T20:33:28+05:30,552,143,73,32.8
2021-04-28T20:33:43+05:30,553,142,73,32.8
2021-04-28T20:33:59+05:30,554,142,73,32.8
2021-04-28T20:36:05+05:30,555,142,73,32.7
2021-04-28T20:36:20+05:30,556,142,73,32.7
2021-04-28T20:36:36+05:30,557,143,73,32.7
2021-04-28T20:36:51+05:30,558,142,73,32.9
2021-04-28T20:37:07+05:30,559,142,73,32.8
2021-04-28T20:37:22+05:30,560,142,73,32.8
2021-04-28T20:37:37+05:30,561,142,73,32.8
2021-04-28T20:37:53+05:30,562,142,73,32.8
2021-04-28T20:38:08+05:30,563,142,73,32.8
2021-04-28T20:38:23+05:30,564,142,73,32.9
2021-04-28T20:38:39+05:30,565,142,73,32.9
2021-04-28T20:38:55+05:30,566,142,73,32.9
2021-04-28T20:39:10+05:30,567,142,73,32.9
2021-04-28T20:39:26+05:30,568,142,73,32.9
2021-04-28T20:39:41+05:30,569,142,73,32.9
2021-04-28T20:39:57+05:30,570,142,73,32.9
2021-04-28T20:40:12+05:30,571,142,73,32.9
2021-04-28T20:40:27+05:30,572,142,73,32.9
2021-04-28T20:40:42+05:30,573,142,73,32.9
2021-04-28T20:40:58+05:30,574,142,73,32.8
2021-04-28T20:41:20+05:30,575,142,73,32.9
2021-04-28T20:41:35+05:30,576,142,73,32.9
2021-04-28T20:41:51+05:30,577,142,73,32.9
2021-04-28T20:42:06+05:30,578,142,73,32.8
2021-04-28T20:42:21+05:30,579,142,73,32.9
2021-04-30T17:14:56+05:30,580,-54,80,32.5
2021-04-30T17:15:11+05:30,581,-58,80,32.2
2021-04-30T17:15:26+05:30,582,69,80,32.2
2021-04-30T17:15:42+05:30,583,-57,80,32.1
2021-04-30T17:15:57+05:30,584,-54,80,32.5
2021-04-30T17:16:13+05:30,585,-51,80,32.2
2021-04-30T17:16:28+05:30,586,-56,80,32.4
2021-04-30T17:16:43+05:30,587,26,80,32.5
2021-04-30T17:16:59+05:30,588,-58,80,32.5
2021-04-30T17:17:14+05:30,589,-58,80,31.5
2021-04-30T17:17:30+05:30,590,66,80,32.4
2021-04-30T17:17:45+05:30,591,59,81,33
2021-04-30T17:18:42+05:30,592,88,80,32
2021-04-30T17:18:57+05:30,593,97,80,32.1
2021-04-30T17:19:13+05:30,594,89,80,32.3
2021-04-30T17:19:28+05:30,595,0,80,32.2
2021-04-30T17:19:44+05:30,596,-2,80,31.7
2021-04-30T17:19:59+05:30,597,-2,80,31.8
2021-04-30T17:20:14+05:30,598,-2,80,32.3
2021-04-30T17:20:30+05:30,599,-2,80,32.5
2021-04-30T17:20:45+05:30,600,-2,80,32.4
2021-04-30T17:21:00+05:30,601,-2,80,32.3
2021-04-30T17:21:16+05:30,602,-2,80,32.3
2021-04-30T17:21:31+05:30,603,-2,80,32.5
2021-04-30T17:21:46+05:30,604,-2,79,31.8
2021-04-30T17:22:02+05:30,605,-2,79,32.3
2021-04-30T17:22:17+05:30,606,-2,79,32.5
2021-04-30T17:22:33+05:30,607,72,79,32.2
2021-04-30T17:22:48+05:30,608,72,79,32.3
2021-04-30T17:23:04+05:30,609,117,79,32.4
2021-04-30T17:23:19+05:30,610,78,79,32.5
2021-04-30T17:23:34+05:30,611,39,79,32.2
2021-04-30T17:23:50+05:30,612,-1,80,32.3
2021-04-30T17:24:05+05:30,613,0,80,32.2
2021-04-30T17:24:20+05:30,614,-2,80,32.4
2021-04-30T17:24:36+05:30,615,-2,80,32.5
2021-04-30T17:24:51+05:30,616,-2,80,32.2
2021-04-30T17:25:06+05:30,617,45,80,32.5
2021-04-30T17:25:22+05:30,618,-2,80,32.3
2021-04-30T17:25:37+05:30,619,-1,80,32.3
2021-04-30T17:25:53+05:30,620,-2,80,32.4
2021-04-30T17:26:08+05:30,621,-2,80,32.4
2021-04-30T17:26:23+05:30,622,0,80,32.1
2021-04-30T17:26:39+05:30,623,-2,80,32
2021-04-30T17:26:54+05:30,624,0,80,32
2021-04-30T17:27:10+05:30,625,-2,80,32.2
2021-04-30T17:27:25+05:30,626,-2,80,31.8
2021-04-30T17:27:41+05:30,627,-2,80,32.3
2021-04-30T17:27:56+05:30,628,-2,80,32.5
2021-04-30T17:28:11+05:30,629,-2,79,32.1
2021-04-30T17:28:27+05:30,630,10,80,31.8
2021-04-30T17:28:42+05:30,631,66,80,32.1
2021-04-30T17:28:58+05:30,632,88,79,32.3
2021-04-30T17:29:13+05:30,633,89,80,32.1
2021-04-30T17:29:28+05:30,634,-1,79,32.5
2021-04-30T17:29:44+05:30,635,74,80,32.2
2021-04-30T17:29:59+05:30,636,-2,80,32.3
2021-04-30T17:30:15+05:30,637,-2,80,32.5
2021-04-30T17:34:50+05:30,638,1,80,33
2021-04-30T17:35:05+05:30,639,-2,79,32.9
2021-04-30T17:35:21+05:30,640,-1,78,32.5
2021-04-30T17:35:36+05:30,641,-2,78,32.7
2021-04-30T17:35:52+05:30,642,-2,78,32.6
2021-04-30T17:36:07+05:30,643,1,78,32.7
2021-04-30T18:27:00+05:30,644,-2,81,31.8
2021-04-30T18:28:02+05:30,645,3,80,32.4
2021-04-30T18:28:17+05:30,646,0,80,32.3
2021-04-30T18:28:32+05:30,647,-2,80,32.2
2021-04-30T18:28:47+05:30,648,-2,80,32.4
2021-04-30T18:29:03+05:30,649,-2,80,32.4
2021-04-30T18:29:18+05:30,650,-2,80,32.4
2021-04-30T18:29:34+05:30,651,-2,80,31.9
2021-04-30T18:29:49+05:30,652,-1,79,32.2
2021-04-30T18:30:04+05:30,653,-2,79,32.2
2021-04-30T18:30:20+05:30,654,1,79,32.3
2021-04-30T18:30:35+05:30,655,-2,79,32.4
2021-04-30T18:30:50+05:30,656,-2,79,32
2021-04-30T18:31:24+05:30,657,-1,80,32.2
2021-04-30T18:31:40+05:30,658,-2,80,31.9
2021-04-30T18:33:36+05:30,659,-2,82,31.7
2021-04-30T18:33:52+05:30,660,-2,80,31.7
2021-04-30T18:34:07+05:30,661,0,80,32.1
2021-04-30T18:34:22+05:30,662,-2,80,32.5
2021-04-30T18:34:37+05:30,663,-2,80,32.1
2021-04-30T18:34:53+05:30,664,-2,80,32.2
2021-04-30T18:35:08+05:30,665,-2,80,32
2021-04-30T18:35:24+05:30,666,-2,80,32.5
2021-05-01T21:10:21+05:30,667,11,87,31.7
2021-05-01T21:10:37+05:30,668,91,83,32.2
2021-05-01T21:10:52+05:30,669,84,82,32.7
2021-05-01T21:11:07+05:30,670,99,88,32
2021-05-01T21:11:22+05:30,671,107,85,32.3
2021-05-01T21:11:38+05:30,672,106,87,31.7
2021-05-01T21:11:53+05:30,673,103,83,32.9
2021-05-01T21:12:08+05:30,674,103,82,31.6
2021-05-01T21:12:24+05:30,675,99,82,31.8
2021-05-01T21:12:39+05:30,676,98,81,31.2
2021-05-01T21:12:55+05:30,677,87,82,32.4
2021-05-01T21:13:10+05:30,678,12,83,31.8
2021-05-01T21:13:25+05:30,679,0,83,31.5
2021-05-01T21:13:41+05:30,680,8,83,31.5
2021-05-01T21:13:56+05:30,681,5,82,32.3
2021-05-01T21:14:12+05:30,682,6,82,32.4
2021-05-12T19:54:23+05:30,683,-48,74,32
2021-05-12T19:54:38+05:30,684,-54,74,31.8
2021-05-12T19:54:54+05:30,685,-51,74,32
2021-05-12T19:55:09+05:30,686,-49,74,32.2
2021-05-12T19:55:24+05:30,687,-53,74,32.9
2021-05-12T19:56:15+05:30,688,105,74,32.3
2021-05-12T19:56:30+05:30,689,103,73,30.7
2021-05-12T19:56:46+05:30,690,101,73,30.8
2021-05-12T19:57:01+05:30,691,100,74,32.9
2021-05-12T19:57:16+05:30,692,87,73,30.1
2021-05-12T19:57:31+05:30,693,83,74,32.6
2021-05-12T19:57:47+05:30,694,80,74,32.5
2021-05-12T19:58:02+05:30,695,110,75,32.2
2021-05-12T19:58:17+05:30,696,94,75,32
2021-05-12T19:58:33+05:30,697,73,75,31.7
2021-05-12T20:01:57+05:30,698,72,75,32.1
2021-05-12T20:02:13+05:30,699,54,75,32.2
2021-05-12T20:02:28+05:30,700,59,74,32.1
2021-05-12T20:02:43+05:30,701,94,74,31.9
2021-05-12T20:02:59+05:30,702,90,74,32.3
2021-05-12T20:03:14+05:30,703,76,75,32.1
2021-05-12T20:03:29+05:30,704,75,74,32.6
2021-05-12T20:03:45+05:30,705,73,74,31.1
2021-05-12T20:04:06+05:30,706,75,74,32.5
2021-05-12T20:04:21+05:30,707,76,74,32.2
2021-05-12T20:05:20+05:30,708,0,74,32
2021-05-12T20:05:35+05:30,709,-4,74,32
2021-05-12T20:05:51+05:30,710,158,74,32
2021-05-12T20:06:06+05:30,711,113,75,32.2
2021-05-12T20:06:21+05:30,712,106,75,31.7
2021-05-12T20:06:37+05:30,713,98,75,32.1
2021-05-12T20:06:52+05:30,714,83,75,32.3
2021-05-12T20:07:07+05:30,715,83,75,32.2
2021-05-12T20:07:22+05:30,716,-2,75,32
2021-05-12T20:28:10+05:30,717,15,75,32.1
2021-05-12T20:28:26+05:30,718,-4,77,32.2
2021-05-12T20:28:41+05:30,719,-4,78,32.2
2021-05-12T20:28:56+05:30,720,-4,84,32.5
2021-05-12T20:29:59+05:30,721,76,76,32.7
2021-05-12T20:30:15+05:30,722,0,74,32.4
2021-05-12T20:30:30+05:30,723,-1,74,32.9
2021-05-12T20:30:45+05:30,724,0,76,33.2
2021-05-12T20:31:00+05:30,725,1,74,32.1
2021-05-12T20:31:52+05:30,726,1,74,32.7
2021-05-12T20:32:08+05:30,727,2,73,32.7
2021-05-12T20:33:03+05:30,728,7,73,32
2021-05-12T20:34:28+05:30,729,-2,76,32.9
2021-05-12T20:34:44+05:30,730,0,76,33.2
2021-05-12T20:34:59+05:30,731,-1,75,32.3
2021-05-12T20:35:14+05:30,732,0,75,33.1
2021-05-12T20:35:30+05:30,733,0,73,32.7
2021-05-12T20:35:45+05:30,734,4,73,32.2
2021-05-12T20:36:01+05:30,735,0,73,32.4
2021-05-12T20:36:16+05:30,736,-2,73,32.5
2021-05-12T20:36:31+05:30,737,0,75,33.2
2021-05-12T20:36:47+05:30,738,0,75,33
2021-05-12T20:37:02+05:30,739,-2,75,32.7
2021-05-12T20:37:17+05:30,740,-2,75,32.7
2021-05-12T20:37:33+05:30,741,-2,75,32.7
2021-05-12T20:37:48+05:30,742,-2,75,32.7
2021-05-12T20:38:04+05:30,743,-2,75,32.7
2021-05-12T20:38:19+05:30,744,-2,75,32.7
2021-05-12T20:38:35+05:30,745,-2,75,32.8
2021-05-12T20:38:50+05:30,746,-2,75,32.8
2021-05-12T20:39:49+05:30,747,-2,75,32.8
2021-05-12T20:40:04+05:30,748,-2,nan,nan
2021-05-12T20:40:20+05:30,749,94,74,32.8
2021-05-12T20:40:35+05:30,750,-2,74,32.8
2021-05-12T20:40:50+05:30,751,-2,75,32.9
2021-05-12T20:41:42+05:30,752,-1,75,32.9
2021-05-12T20:41:57+05:30,753,-2,75,32.2
2021-05-12T20:42:12+05:30,754,101,75,32.6
2021-05-12T20:42:28+05:30,755,-2,75,32.5
2021-05-12T20:42:44+05:30,756,-2,74,32.8
2021-05-12T20:42:59+05:30,757,0,74,32.5
2021-05-12T20:43:15+05:30,758,-2,76,33.1
2021-05-12T20:43:30+05:30,759,2,74,32.5
2021-05-12T20:43:45+05:30,760,-2,75,32.5
2021-05-12T20:44:01+05:30,761,-1,75,33
2021-05-12T20:44:16+05:30,762,-2,75,32.6
2021-05-12T20:44:31+05:30,763,-1,72,32.7
2021-05-12T20:44:46+05:30,764,0,72,32.7
2021-05-12T20:45:02+05:30,765,-2,72,32.7
2021-05-13T08:23:51+05:30,766,-2,nan,nan
2021-05-13T08:30:09+05:30,767,71,78,32.1
2021-05-13T08:30:24+05:30,768,-1,75,32
2021-05-13T08:30:39+05:30,769,-1,75,32
2021-05-13T08:30:54+05:30,770,56,75,32
2021-05-13T08:31:09+05:30,771,-1,75,32
2021-05-13T08:31:24+05:30,772,-1,76,32
2021-05-13T08:31:40+05:30,773,-1,76,32
2021-05-13T08:31:56+05:30,774,-1,75,32
2021-05-13T08:32:11+05:30,775,-1,75,32
2021-05-13T08:33:15+05:30,776,5,75,32
2021-05-13T08:33:31+05:30,777,-1,75,31.9
2021-05-13T08:33:46+05:30,778,48,75,31.9
2021-05-13T08:34:01+05:30,779,62,75,32
2021-05-13T08:34:17+05:30,780,0,76,31.9
2021-05-13T08:34:32+05:30,781,-1,76,31.9
2021-05-13T08:34:47+05:30,782,-1,76,31.9
2021-05-13T08:35:02+05:30,783,-1,77,31.9
2021-05-13T08:35:18+05:30,784,60,77,31.9
2021-05-13T08:35:33+05:30,785,-1,77,31.9
2021-05-13T08:35:48+05:30,786,55,79,31.7
2021-05-13T08:36:03+05:30,787,-1,77,32
2021-05-13T08:36:18+05:30,788,-1,77,31.9
2021-05-13T08:36:33+05:30,789,-1,77,31.9
2021-05-13T08:36:48+05:30,790,0,77,32.5
2021-05-13T08:37:04+05:30,791,-1,78,32
2021-05-13T08:37:19+05:30,792,-1,78,32
2021-05-13T08:37:34+05:30,793,-1,77,32
2021-05-13T08:37:49+05:30,794,-1,77,32
2021-05-13T10:51:35+05:30,795,-1,76,32.1
2021-05-13T10:51:59+05:30,796,104,76,32.1
2021-05-13T10:52:14+05:30,797,-1,75,32
2021-05-13T10:52:29+05:30,798,-1,76,32
2021-05-13T10:52:45+05:30,799,0,75,32
2021-05-13T10:53:00+05:30,800,-1,75,32
2021-05-13T10:53:15+05:30,801,-1,76,31.9
2021-05-13T10:53:30+05:30,802,-1,76,32
2021-05-13T10:53:46+05:30,803,-1,76,32
2021-05-13T10:54:01+05:30,804,-1,76,32
2021-05-13T10:54:16+05:30,805,-1,76,32
2021-05-13T10:54:37+05:30,806,-1,77,32
2021-05-13T10:54:52+05:30,807,-1,77,32
2021-05-13T10:55:08+05:30,808,-1,77,32.1
2021-05-13T10:55:23+05:30,809,-1,77,32.2
2021-05-13T10:55:38+05:30,810,-1,77,32.1
2021-05-13T10:55:53+05:30,811,-1,77,32.1
2021-05-13T10:56:08+05:30,812,-1,77,32.2
2021-05-13T10:56:24+05:30,813,-1,78,32.2
2021-05-13T10:56:39+05:30,814,68,76,32.2
2021-05-13T10:56:54+05:30,815,-1,76,32.3
2021-05-13T10:57:09+05:30,816,-1,76,32.3
2021-05-13T10:57:25+05:30,817,-1,76,32.3
2021-05-13T10:57:40+05:30,818,-1,76,32.3
2021-05-13T10:57:55+05:30,819,-1,76,32.2
2021-05-13T10:58:10+05:30,820,-1,76,32.2
2021-05-13T10:58:26+05:30,821,-1,76,32.2
2021-05-13T10:58:41+05:30,822,-1,76,32.2
2021-05-13T10:58:57+05:30,823,-1,76,32.2
2021-05-13T10:59:12+05:30,824,-1,76,32.2
2021-05-13T10:59:27+05:30,825,-1,76,32.2
2021-05-13T10:59:42+05:30,826,-1,76,32.2
2021-05-13T10:59:57+05:30,827,-1,77,32.2
2021-05-13T11:00:13+05:30,828,-1,76,32.2
2021-05-13T11:00:28+05:30,829,-1,76,32.2
2021-05-13T11:00:43+05:30,830,-1,77,32.2
2021-05-13T11:00:59+05:30,831,-1,77,32.2
2021-05-13T11:01:14+05:30,832,-1,77,32.2
2021-05-13T11:01:29+05:30,833,-1,78,32.2
2021-05-13T11:01:44+05:30,834,-1,77,32.2
2021-05-13T11:02:00+05:30,835,-1,77,32.2
2021-05-13T11:02:15+05:30,836,-1,77,32.2
2021-05-13T11:02:30+05:30,837,-1,76,32.3
2021-05-13T11:02:46+05:30,838,-1,76,32.3
2021-05-13T11:03:01+05:30,839,-1,76,32.1
2021-05-13T11:03:16+05:30,840,-1,76,32.2
2021-05-13T11:03:32+05:30,841,-1,77,32
2021-05-14T21:55:35+05:30,842,-1,84,32.2
2021-05-14T21:55:50+05:30,843,-1,83,32.6
2021-05-14T21:56:56+05:30,844,-1,82,32.7
2021-05-14T21:57:13+05:30,845,-1,81,32.9
2021-05-14T21:57:28+05:30,846,-1,81,33
2021-05-14T21:57:43+05:30,847,0,81,33
2021-05-14T21:57:58+05:30,848,10,82,33.1
2021-05-14T21:58:14+05:30,849,6,81,33.5
2021-05-14T21:58:29+05:30,850,5,80,32.7
2021-05-14T21:58:44+05:30,851,5,81,33.1
2021-05-14T21:58:59+05:30,852,4,81,33.2
2021-05-14T21:59:14+05:30,853,6,81,33.7
2021-05-14T21:59:29+05:30,854,2,81,33.3
2021-05-14T21:59:45+05:30,855,4,81,33
2021-05-14T22:00:46+05:30,856,-1,81,33
2021-05-14T22:01:02+05:30,857,-1,80,33
2021-05-14T22:01:17+05:30,858,-1,80,33.1
2021-05-14T22:01:32+05:30,859,-1,80,33.1
2021-05-14T22:01:48+05:30,860,-1,80,33.1
2021-05-14T22:02:03+05:30,861,-1,80,33.1
2021-05-14T22:02:18+05:30,862,-1,80,33.1
2021-05-14T22:02:33+05:30,863,-1,80,33
2021-05-14T22:02:49+05:30,864,-1,80,33.1
2021-05-14T22:03:04+05:30,865,0,80,33
2021-05-14T22:03:39+05:30,866,3,81,33
2021-05-14T22:03:55+05:30,867,4,80,33.1
2021-05-14T22:04:10+05:30,868,3,80,33.5
2021-05-14T22:04:26+05:30,869,2,80,33.4
2021-05-14T22:04:41+05:30,870,6,79,32.7
2021-05-14T22:04:56+05:30,871,3,80,33.5
2021-05-14T22:47:18+05:30,872,6,79,32.6
2021-05-14T22:47:33+05:30,873,6,80,32.7
2021-05-14T22:47:48+05:30,874,9,81,33
2021-05-18T19:05:16+05:30,875,-1,95,31.7
2021-05-18T19:45:01+05:30,876,-1,94,32.1
2021-05-18T19:45:22+05:30,877,-1,94,32.2
2021-05-18T19:45:42+05:30,878,-1,94,32.1
2021-05-18T19:46:18+05:30,879,0,94,32.2
2021-05-18T19:46:33+05:30,880,-1,94,32.1
2021-05-18T19:46:52+05:30,881,70,94,32.1
2021-05-18T19:47:09+05:30,882,-1,94,32
2021-05-18T19:47:27+05:30,883,-1,94,32
2021-05-18T19:47:42+05:30,884,-1,93,32.1
2021-05-18T19:48:02+05:30,885,-1,94,32.1
2021-05-18T19:48:24+05:30,886,-1,95,32.1
2021-05-18T19:48:43+05:30,887,-1,94,32.1
2021-05-18T19:48:59+05:30,888,-1,94,32.1
2021-05-18T19:49:22+05:30,889,-1,93,32
2021-05-18T19:50:09+05:30,890,-1,94,32
2021-05-18T19:50:25+05:30,891,-1,94,32
2021-05-18T19:50:46+05:30,892,-1,94,32
2021-05-18T19:51:31+05:30,893,-1,94,31.8
2021-05-18T19:51:48+05:30,894,3,94,31.9
2021-05-18T19:52:06+05:30,895,9,94,31.8
2021-05-18T19:52:21+05:30,896,124,94,31.8
2021-05-18T19:52:43+05:30,897,-1,94,31.8
2021-05-18T19:53:13+05:30,898,-1,94,31.7
2021-05-18T19:53:44+05:30,899,-1,95,32
2021-05-18T19:54:00+05:30,900,-1,95,31.7
2021-05-18T19:54:32+05:30,901,-1,95,31.8
2021-05-18T19:54:59+05:30,902,-1,95,31.7
2021-05-18T19:55:24+05:30,903,-1,95,31.7
2021-05-18T19:55:47+05:30,904,-1,94,31.7
2021-05-18T19:56:12+05:30,905,10,95,31.8
2021-05-18T19:56:28+05:30,906,-1,94,31.7
2021-05-18T19:57:22+05:30,907,-1,95,31.7
2021-05-18T19:58:36+05:30,908,-1,95,31.7
2021-05-18T19:59:04+05:30,909,-1,95,31.7
2021-05-18T19:59:42+05:30,910,-1,95,31.7
2021-05-18T19:59:57+05:30,911,-1,95,31.7
2021-05-18T20:00:46+05:30,912,-1,95,31.7
2021-05-18T20:01:06+05:30,913,-1,95,31.7
2021-05-18T20:01:23+05:30,914,-1,95,31.7
2021-05-18T20:01:40+05:30,915,-1,95,31.7
2021-05-18T20:02:10+05:30,916,165,95,31.7
2021-05-18T20:05:12+05:30,917,-1,95,31.6
2021-05-18T20:07:14+05:30,918,-1,95,31.7
2021-05-18T20:08:06+05:30,919,-1,95,31.7
2021-05-18T20:10:10+05:30,920,-1,95,31.8
2021-05-18T20:10:26+05:30,921,-1,95,31.9
2021-05-18T20:10:43+05:30,922,-1,95,31.8
2021-05-18T20:13:09+05:30,923,-1,95,31.9
2021-05-18T20:14:19+05:30,924,-1,95,31.6
2021-05-18T20:15:19+05:30,925,0,95,31.5
2021-05-18T20:15:34+05:30,926,0,95,31.5
2021-05-18T20:15:50+05:30,927,-1,nan,nan
2021-05-18T20:42:26+05:30,928,0,95,31.2
2021-05-18T20:43:01+05:30,929,61,95,31.5
2021-05-18T20:47:41+05:30,930,68,95,31.6
2021-05-18T21:01:28+05:30,931,18,95,30.9
2021-05-18T21:02:39+05:30,932,26,95,30.9
2021-05-18T21:04:17+05:30,933,84,95,30.1
2021-05-18T21:09:59+05:30,934,57,95,30.9
2021-05-18T21:11:09+05:30,935,56,95,30.8
2021-05-18T21:11:27+05:30,936,58,95,30.7
2021-05-18T21:12:33+05:30,937,-3,95,30.7
2021-05-18T21:12:49+05:30,938,110,95,32.1
2021-05-18T21:13:04+05:30,939,1,95,30.5
2021-05-18T21:13:19+05:30,940,72,95,32
2021-05-18T21:13:35+05:30,941,65,95,31.5
2021-05-18T21:13:50+05:30,942,68,95,31.2
2021-05-18T21:14:06+05:30,943,80,95,31
2021-05-18T21:14:21+05:30,944,-2,95,31.5
2021-05-18T21:16:13+05:30,945,76,95,30.4
2021-05-18T21:16:28+05:30,946,62,95,31.1
2021-05-18T21:16:44+05:30,947,62,95,31.5
2021-05-18T21:16:59+05:30,948,63,95,30.5
2021-05-18T21:17:15+05:30,949,61,95,31.5
2021-05-18T21:17:30+05:30,950,62,95,31.1
2021-05-18T21:17:46+05:30,951,62,95,30.1
2021-05-18T21:18:02+05:30,952,64,95,31.2
2021-05-18T21:18:18+05:30,953,62,95,31.1
2021-05-18T21:18:33+05:30,954,67,95,31.7
2021-05-18T21:18:48+05:30,955,63,95,31.8
2021-05-18T21:19:04+05:30,956,67,95,30.9
2021-05-18T21:19:19+05:30,957,63,95,30.7
2021-05-18T21:19:35+05:30,958,64,95,30.1
2021-05-18T21:19:51+05:30,959,62,95,31.1
2021-05-18T21:21:47+05:30,960,-4,95,30.3
2021-05-18T21:22:03+05:30,961,4,95,31.4
2021-05-18T21:22:19+05:30,962,-4,95,30.9
2021-05-18T21:22:35+05:30,963,-4,95,30.2
2021-05-18T21:22:50+05:30,964,-4,95,30.5
2021-05-18T21:23:09+05:30,965,-4,95,32
2021-05-18T21:33:24+05:30,966,62,95,30.7
2021-05-18T21:35:26+05:30,967,64,95,30.4
2021-05-18T21:36:01+05:30,968,63,95,30.7
2021-05-18T21:38:03+05:30,969,64,95,30.7
2021-05-18T22:09:58+05:30,970,85,95,31.4
2021-05-18T22:10:33+05:30,971,31,95,31.2
2021-05-18T22:12:32+05:30,972,75,95,31.7
2021-05-18T22:13:07+05:30,973,51,95,31.1
2021-05-18T22:14:15+05:30,974,109,95,31.2
2021-05-18T22:14:50+05:30,975,109,95,31
2021-05-18T22:15:43+05:30,976,2,95,31.1
2021-05-18T22:16:00+05:30,977,7,95,31.1
2021-05-18T22:17:27+05:30,978,-2,95,31
2021-05-18T22:23:52+05:30,979,90,95,30.8
2021-05-18T22:24:08+05:30,980,-2,95,31
2021-05-18T22:24:23+05:30,981,-2,95,30.3
2021-05-18T22:24:38+05:30,982,0,95,31.2
2021-05-18T22:24:54+05:30,983,3,95,30.9
2021-05-18T22:25:09+05:30,984,0,95,31.2
2021-05-18T22:25:25+05:30,985,0,95,31.2
2021-05-18T22:25:40+05:30,986,0,95,31.2
2021-05-18T22:25:55+05:30,987,-2,95,31.3
2021-05-18T22:26:11+05:30,988,9,95,31.1
2021-05-18T22:26:26+05:30,989,9,95,31.3
2021-05-18T22:26:42+05:30,990,-2,95,31.2
2021-05-18T22:26:57+05:30,991,28,95,31.2
2021-05-18T22:27:13+05:30,992,7,95,30.7
2021-05-18T22:27:28+05:30,993,25,nan,nan
2021-05-18T22:27:44+05:30,994,20,nan,nan
2021-05-18T22:27:59+05:30,995,21,nan,nan
2021-05-18T22:28:14+05:30,996,21,nan,nan
2021-05-18T22:28:29+05:30,997,11,nan,nan
2021-05-18T22:28:45+05:30,998,20,95,31.3
2021-05-18T22:29:00+05:30,999,25,95,31.3
2021-05-18T22:29:16+05:30,1000,85,95,31.1
2021-05-18T22:29:31+05:30,1001,-2,95,31.1
2021-05-18T22:29:47+05:30,1002,30,95,31.2
2021-05-18T22:30:02+05:30,1003,22,95,31.1
2021-05-18T22:30:18+05:30,1004,99,95,31
2021-05-18T22:30:33+05:30,1005,21,95,31.1
2021-05-18T22:30:49+05:30,1006,21,nan,nan
2021-05-18T22:31:04+05:30,1007,1,95,31.2
2021-05-18T22:31:19+05:30,1008,29,nan,nan
2021-05-18T22:31:34+05:30,1009,20,nan,nan
2021-05-18T22:31:50+05:30,1010,20,nan,nan
2021-05-18T22:32:05+05:30,1011,20,nan,nan
2021-05-18T22:32:20+05:30,1012,18,nan,nan
2021-05-18T22:32:35+05:30,1013,18,nan,nan
2021-05-18T22:32:50+05:30,1014,19,nan,nan
2021-05-18T22:33:05+05:30,1015,21,95,30.7
2021-05-18T22:33:20+05:30,1016,2,95,31.1
2021-05-18T22:33:36+05:30,1017,18,95,30.8
2021-05-18T22:33:51+05:30,1018,20,95,30.8
2021-05-18T22:34:07+05:30,1019,17,95,31
2021-05-18T22:34:22+05:30,1020,18,95,30.9
2021-05-18T22:34:38+05:30,1021,19,95,31.2
2021-05-18T22:34:53+05:30,1022,17,95,31
2021-05-18T22:36:47+05:30,1023,11,95,31.4
2021-05-18T22:37:03+05:30,1024,16,95,30.8
2021-05-18T22:37:18+05:30,1025,15,95,31.3
2021-05-18T22:37:34+05:30,1026,17,95,30.9
2021-05-18T22:37:49+05:30,1027,17,95,31.3
2021-05-18T22:38:04+05:30,1028,14,95,31.2
2021-05-18T22:38:20+05:30,1029,15,95,31.1
2021-05-18T22:38:35+05:30,1030,9,95,31.3
2021-05-18T22:38:51+05:30,1031,15,95,31.3
2021-05-18T22:39:06+05:30,1032,14,95,31.2
2021-05-18T22:39:22+05:30,1033,7,95,31.3
2021-05-18T22:39:37+05:30,1034,5,95,31.2
2021-05-18T22:39:53+05:30,1035,14,95,31.2
2021-05-18T22:40:08+05:30,1036,15,95,31.4
2021-05-18T22:40:23+05:30,1037,14,95,30.9
2021-05-18T22:40:39+05:30,1038,14,95,31.6
2021-05-18T22:40:54+05:30,1039,13,95,31.2
2021-05-18T22:41:10+05:30,1040,15,95,31
2021-05-18T22:41:25+05:30,1041,15,95,31.6
2021-05-18T22:41:40+05:30,1042,13,95,31
2021-05-18T22:41:55+05:30,1043,14,95,31.1
2021-05-18T22:42:11+05:30,1044,-2,95,31.5
2021-05-18T22:42:26+05:30,1045,14,95,31.1
2021-05-18T22:42:42+05:30,1046,24,95,30.8
2021-05-18T22:42:57+05:30,1047,15,95,31.2
2021-05-18T22:43:13+05:30,1048,19,95,31.5
2021-05-18T22:43:28+05:30,1049,14,95,31.4
2021-05-18T22:43:44+05:30,1050,13,95,31.4
2021-05-18T22:43:59+05:30,1051,14,95,31.3
2021-05-18T22:44:14+05:30,1052,14,95,31.3
2021-05-18T22:44:30+05:30,1053,5,95,30.6
2021-05-18T22:44:45+05:30,1054,15,95,31.2
2021-05-18T22:45:01+05:30,1055,14,95,31.2
2021-05-18T22:45:16+05:30,1056,9,95,31.5
2021-05-18T22:45:31+05:30,1057,15,95,31.2
2021-05-18T22:45:47+05:30,1058,14,95,31.3
2021-05-18T22:46:02+05:30,1059,12,95,31.6
2021-05-18T22:46:18+05:30,1060,13,95,31.3
2021-05-18T22:46:33+05:30,1061,14,95,31.2
2021-05-18T22:46:49+05:30,1062,13,95,31.2
2021-05-18T22:47:04+05:30,1063,14,95,31.5
2021-05-18T22:47:20+05:30,1064,15,95,31.4
2021-05-18T22:47:35+05:30,1065,14,95,31.1
2021-05-18T22:47:52+05:30,1066,14,95,31.8
2021-05-18T22:48:07+05:30,1067,12,95,31.4
2021-05-18T22:48:23+05:30,1068,14,95,31.2
2021-05-18T22:48:38+05:30,1069,12,95,31.3
2021-05-18T22:51:17+05:30,1070,16,95,30.7
2021-05-18T22:51:33+05:30,1071,-2,95,31.2
2021-05-18T22:51:48+05:30,1072,16,95,31
2021-05-18T22:52:04+05:30,1073,15,95,31.9
2021-05-18T22:52:20+05:30,1074,15,95,31.2
2021-05-18T22:52:35+05:30,1075,14,95,31.4
2021-05-18T22:52:50+05:30,1076,15,95,31.2
2021-05-18T22:53:06+05:30,1077,11,95,31.2
2021-05-18T22:53:21+05:30,1078,15,95,31.1
2021-05-18T22:53:36+05:30,1079,14,95,31.7
2021-05-18T22:53:52+05:30,1080,15,95,31.4
2021-05-18T22:54:08+05:30,1081,15,95,31.4
2021-05-18T22:54:23+05:30,1082,15,95,30.8
2021-05-18T22:54:39+05:30,1083,16,95,30.8
2021-05-18T22:54:54+05:30,1084,16,95,31.2
2021-05-18T22:55:09+05:30,1085,15,95,31
2021-05-18T22:55:25+05:30,1086,14,95,31.1
2021-05-18T22:55:40+05:30,1087,14,95,31.3
2021-05-18T22:55:56+05:30,1088,14,95,31.4
2021-05-18T22:56:11+05:30,1089,13,95,31.4
2021-05-18T22:56:27+05:30,1090,5,95,31
2021-05-18T22:56:42+05:30,1091,13,95,31.7
2021-05-18T22:56:57+05:30,1092,12,95,31.2
2021-05-18T22:57:13+05:30,1093,15,95,31.3
2021-05-18T22:57:28+05:30,1094,13,95,31.1
2021-05-18T22:57:44+05:30,1095,13,95,31.2
2021-05-18T22:57:59+05:30,1096,14,95,31.1
2021-05-18T22:58:14+05:30,1097,13,95,31.5
2021-05-18T22:58:29+05:30,1098,13,95,31.3
2021-05-18T22:58:45+05:30,1099,13,95,31.1
2021-05-18T22:59:01+05:30,1100,15,95,31.4
2021-05-18T22:59:21+05:30,1101,15,95,31.2
2021-05-18T22:59:36+05:30,1102,13,95,31.7
2021-05-18T22:59:51+05:30,1103,14,95,31.4
2021-05-18T23:00:07+05:30,1104,15,95,30.9
2021-05-18T23:00:22+05:30,1105,13,95,31.2
2021-05-18T23:00:37+05:30,1106,15,95,31.2
2021-05-18T23:00:53+05:30,1107,14,95,31.1
2021-05-18T23:01:08+05:30,1108,13,95,31
2021-05-18T23:01:24+05:30,1109,13,95,31.7
2021-05-18T23:01:39+05:30,1110,14,95,31.1
2022-04-12T17:11:23+05:30,1111,14,nan,nan
2022-04-12T17:11:39+05:30,1112,1,nan,nan
2022-04-12T17:11:54+05:30,1113,-1,78,31.3
2022-04-12T17:12:09+05:30,1114,25,nan,nan
2022-04-12T17:12:24+05:30,1115,3,81,31.7
2022-04-12T17:12:39+05:30,1116,43,nan,nan
2022-04-12T17:12:54+05:30,1117,46,nan,nan
2022-04-12T17:13:10+05:30,1118,34,nan,nan
2022-04-12T17:13:25+05:30,1119,15,67,32.4
2022-04-12T17:13:40+05:30,1120,29,nan,nan
2022-04-12T17:13:56+05:30,1121,22,67,33.2
2022-04-12T17:14:11+05:30,1122,18,69,33.1
2022-04-12T17:14:34+05:30,1123,17,69,33.3
2022-04-12T17:14:55+05:30,1124,17,67,34
2022-04-12T17:15:10+05:30,1125,24,67,33.2
2022-04-12T17:15:25+05:30,1126,5,68,33
2022-04-12T17:15:41+05:30,1127,5,67,33.4
2022-04-12T17:15:56+05:30,1128,15,67,33.2
2022-04-12T17:16:11+05:30,1129,14,67,33.2
2022-04-12T17:17:00+05:30,1130,13,nan,nan
2022-04-12T17:17:38+05:30,1131,18,73,33.5
2022-04-12T17:17:53+05:30,1132,17,73,33.6
2022-04-12T17:18:08+05:30,1133,14,70,33.6
2022-04-12T17:18:23+05:30,1134,0,nan,nan
2022-04-12T17:18:39+05:30,1135,0,nan,nan
2022-04-12T17:18:54+05:30,1136,11,nan,nan
2022-04-12T17:19:10+05:30,1137,0,nan,nan
2022-04-12T17:19:27+05:30,1138,-2,67,33.8
2022-04-12T17:19:42+05:30,1139,-2,68,33.6
2022-04-12T17:19:57+05:30,1140,-2,69,33.5
2022-04-12T17:20:13+05:30,1141,0,69,33.5
2022-04-12T17:20:28+05:30,1142,-2,68,33.6
2022-04-12T17:20:43+05:30,1143,-2,68,33.5
2022-04-12T17:20:58+05:30,1144,-2,76,33.5
2022-04-12T17:21:13+05:30,1145,-2,75,33.6
2022-04-12T17:21:28+05:30,1146,-2,76,33.8
2022-04-12T17:21:43+05:30,1147,-1,nan,nan
2022-04-12T17:21:59+05:30,1148,-2,nan,nan
2022-04-12T17:22:14+05:30,1149,-1,77,34
2022-04-12T17:22:29+05:30,1150,-1,77,33.9
2022-04-12T17:22:44+05:30,1151,-2,76,33.8
2022-04-12T17:23:00+05:30,1152,-2,75,33.9
2022-04-12T17:23:15+05:30,1153,-2,76,33.9
2022-04-12T17:23:30+05:30,1154,1,73,33.8
2022-04-12T17:23:45+05:30,1155,0,80,33.7
2022-04-12T17:24:00+05:30,1156,0,82,34
2022-04-12T17:24:16+05:30,1157,0,82,34
2022-04-12T17:24:31+05:30,1158,0,82,34.1
2022-04-12T17:24:46+05:30,1159,0,81,34.2
2022-04-12T17:25:01+05:30,1160,0,81,34.2
2022-04-12T17:25:16+05:30,1161,0,82,34.1
2022-04-12T17:25:31+05:30,1162,-2,nan,nan
2022-04-12T17:25:46+05:30,1163,-2,67,34.3
2022-04-12T17:26:02+05:30,1164,-2,65,34.2
2022-04-12T17:26:17+05:30,1165,-2,67,34
2022-04-12T17:26:32+05:30,1166,-2,68,33.8
2022-04-12T17:26:48+05:30,1167,-2,66,33.7
2022-04-12T17:27:03+05:30,1168,-1,68,33.6
2022-04-12T17:27:18+05:30,1169,-1,68,33.5
2022-04-12T17:27:33+05:30,1170,-1,68,33.4
2022-04-12T17:27:49+05:30,1171,-1,69,33.3
2022-04-12T17:28:04+05:30,1172,0,68,33.3
2022-04-12T17:28:20+05:30,1173,-2,69,33.2
2022-04-12T17:28:35+05:30,1174,-2,69,33.1
2022-04-12T17:28:51+05:30,1175,0,69,33.1
2022-04-12T17:29:06+05:30,1176,0,69,33.1
2022-04-12T17:29:22+05:30,1177,0,69,33.2
2022-04-12T17:29:37+05:30,1178,0,71,33.2
2022-04-12T17:29:53+05:30,1179,11,69,33.2
2022-04-12T17:30:08+05:30,1180,20,70,33.1
2022-04-12T17:30:24+05:30,1181,-2,70,33
2022-04-12T17:30:39+05:30,1182,0,70,33
2022-04-12T17:30:54+05:30,1183,2,72,33
2022-04-12T17:31:09+05:30,1184,1,77,33
2022-04-12T17:31:24+05:30,1185,-2,75,33.3
2022-04-12T17:31:39+05:30,1186,-2,75,33.5
2022-04-12T17:31:54+05:30,1187,-2,77,33.6
2022-04-12T17:32:10+05:30,1188,-2,75,33.7
2022-04-12T17:32:25+05:30,1189,-2,73,33.7
2022-04-12T17:32:41+05:30,1190,-2,73,33.7
2022-04-12T17:32:56+05:30,1191,-2,81,33.7
2022-04-12T17:33:11+05:30,1192,-2,nan,nan
2022-04-12T17:33:27+05:30,1193,0,nan,nan
2022-04-12T17:33:42+05:30,1194,0,66,33.7
2022-04-12T17:33:57+05:30,1195,-1,66,33.5
2022-04-12T17:34:12+05:30,1196,-2,66,33.4
2022-04-12T17:34:27+05:30,1197,-2,67,33.2
2022-04-12T17:34:42+05:30,1198,-2,67,33.2
2022-04-12T17:34:58+05:30,1199,-1,67,33
2022-04-12T17:35:13+05:30,1200,-1,68,33
2022-04-12T17:35:28+05:30,1201,4,67,32.9
2022-04-12T17:35:43+05:30,1202,4,67,32.8
2022-04-12T17:35:58+05:30,1203,6,67,32.7
2022-04-12T17:36:13+05:30,1204,4,68,32.7
2022-04-12T17:36:28+05:30,1205,7,nan,nan
2022-04-12T17:36:44+05:30,1206,7,nan,nan
2022-04-12T17:36:59+05:30,1207,-2,nan,nan
2022-04-12T17:37:14+05:30,1208,5,nan,nan
2022-04-12T17:37:30+05:30,1209,2,nan,nan
2022-04-12T17:37:45+05:30,1210,3,nan,nan
2022-04-12T17:38:00+05:30,1211,3,nan,nan
2022-04-12T17:38:15+05:30,1212,0,nan,nan
2022-04-12T17:38:31+05:30,1213,0,nan,nan
2022-04-12T17:38:46+05:30,1214,-2,nan,nan
2022-04-12T17:39:01+05:30,1215,-2,nan,nan
2022-04-12T17:39:16+05:30,1216,-2,nan,nan
2022-04-12T17:39:32+05:30,1217,-2,nan,nan
2022-04-12T17:39:47+05:30,1218,-2,nan,nan
2022-04-12T17:40:02+05:30,1219,-2,nan,nan
2022-04-12T17:40:17+05:30,1220,-2,nan,nan
2022-04-12T17:40:33+05:30,1221,-2,nan,nan
2022-04-12T17:40:48+05:30,1222,-2,nan,nan
2022-04-12T17:41:03+05:30,1223,-2,nan,nan
2022-04-12T17:41:18+05:30,1224,-2,nan,nan
2022-04-12T17:41:34+05:30,1225,-2,nan,nan
2022-04-12T17:41:57+05:30,1226,-1,nan,nan
2022-04-12T17:42:13+05:30,1227,-1,nan,nan
2022-04-12T17:42:28+05:30,1228,-1,nan,nan
2022-04-12T17:42:43+05:30,1229,-2,nan,nan
2022-04-12T17:42:59+05:30,1230,3,nan,nan
2022-04-12T17:43:14+05:30,1231,2,nan,nan
2022-04-12T17:43:29+05:30,1232,1,nan,nan
2022-04-12T17:43:55+05:30,1233,2,nan,nan
2022-04-12T17:44:10+05:30,1234,3,nan,nan
2022-04-12T17:44:26+05:30,1235,2,nan,nan
2022-04-12T17:44:41+05:30,1236,2,nan,nan
2022-04-12T17:44:56+05:30,1237,2,nan,nan
2022-04-12T17:45:11+05:30,1238,2,nan,nan
2022-04-12T17:45:27+05:30,1239,3,nan,nan
2022-04-12T17:45:42+05:30,1240,4,nan,nan
2022-04-12T17:45:57+05:30,1241,2,nan,nan
2022-04-12T17:46:12+05:30,1242,2,nan,nan
2022-04-12T17:46:28+05:30,1243,4,nan,nan
2022-04-12T17:46:43+05:30,1244,3,nan,nan
2022-04-12T17:46:59+05:30,1245,3,nan,nan
2022-04-12T17:47:14+05:30,1246,6,nan,nan
2022-04-12T17:47:29+05:30,1247,-2,nan,nan
2022-04-12T17:47:44+05:30,1248,-2,70,32.3
2022-04-12T17:48:00+05:30,1249,-2,69,32.4
2022-04-12T17:48:15+05:30,1250,-2,69,32.4
2022-04-12T17:48:30+05:30,1251,-2,71,32.5
2022-04-12T17:48:45+05:30,1252,-2,68,32.5
2022-04-12T17:49:00+05:30,1253,-2,68,32.6
2022-04-12T17:49:15+05:30,1254,-2,67,32.7
2022-04-12T17:49:30+05:30,1255,-2,67,32.6
2022-04-12T17:49:45+05:30,1256,-2,67,32.7
2022-04-12T17:50:01+05:30,1257,-2,68,32.7
2022-04-12T17:50:16+05:30,1258,-2,71,32.7
2022-04-12T17:50:32+05:30,1259,-2,73,32.9
2022-04-12T17:50:47+05:30,1260,-2,73,33
2022-04-12T17:51:03+05:30,1261,-2,75,33
2022-04-12T17:51:18+05:30,1262,-2,70,33.1
2022-04-12T17:51:34+05:30,1263,-2,74,33.2
2022-04-12T17:51:49+05:30,1264,-2,73,33.3
2022-04-12T17:52:04+05:30,1265,-2,73,33.4
2022-04-12T17:52:19+05:30,1266,-2,74,33.5
2022-04-12T17:52:35+05:30,1267,-2,74,33.5
2022-04-12T17:52:51+05:30,1268,-2,74,33.5
2022-04-12T17:53:06+05:30,1269,-2,75,33.6
2022-04-12T17:53:21+05:30,1270,-2,73,33.7
2022-04-12T17:53:36+05:30,1271,-2,70,33.6
2022-04-12T17:53:51+05:30,1272,-2,71,33.6
2022-04-12T17:54:06+05:30,1273,-2,70,33.6
2022-04-12T17:57:55+05:30,1274,-2,70,33
2022-04-12T17:58:10+05:30,1275,-2,69,33
2022-04-12T17:58:26+05:30,1276,-2,68,32.9
2022-04-12T17:58:41+05:30,1277,63,69,33
2022-04-12T17:58:57+05:30,1278,65,69,32.9
2022-04-12T17:59:13+05:30,1279,-2,68,32.9
2022-04-12T17:59:28+05:30,1280,11,69,32.7
2022-04-12T17:59:43+05:30,1281,12,69,32.7
2022-04-12T17:59:59+05:30,1282,10,69,32.7
2022-04-12T18:00:14+05:30,1283,100,69,32.7
2022-04-12T18:00:29+05:30,1284,4,70,32.6
2022-04-12T18:00:44+05:30,1285,93,70,32.6
2022-04-12T18:00:59+05:30,1286,-2,69,32.6
2022-04-12T18:01:15+05:30,1287,24,69,32.5
2022-04-12T18:01:30+05:30,1288,25,69,32.5
2022-04-12T18:01:45+05:30,1289,25,69,32.5
2022-04-12T18:02:00+05:30,1290,23,70,32.4
2022-04-12T18:02:15+05:30,1291,22,70,32.4
2022-04-12T18:02:30+05:30,1292,20,70,32.3
2022-04-12T18:02:45+05:30,1293,20,70,32.3
2022-04-12T18:03:00+05:30,1294,90,70,32.2
2022-04-12T18:03:16+05:30,1295,21,71,32.2
2022-04-12T18:03:31+05:30,1296,-2,71,32.2
2022-04-12T18:03:50+05:30,1297,86,72,32.3
2022-04-12T18:04:06+05:30,1298,-2,71,32.3
2022-04-12T18:04:22+05:30,1299,-2,70,32.2
2022-04-12T18:04:37+05:30,1300,-2,70,32.2
2022-04-12T18:04:52+05:30,1301,-2,70,32.2
2022-04-12T18:05:08+05:30,1302,3,70,32.2
2022-04-12T18:05:23+05:30,1303,5,72,32.2
2022-04-12T18:05:38+05:30,1304,104,71,32.2
2022-04-12T18:05:53+05:30,1305,-2,70,32.2
2022-04-12T18:06:09+05:30,1306,-2,70,32.2
2022-04-12T18:06:25+05:30,1307,-2,70,32.2
2022-04-12T18:06:40+05:30,1308,-2,70,32.2
2022-04-12T18:06:56+05:30,1309,-2,70,32.2
2022-04-12T18:07:11+05:30,1310,-2,71,32.2
2022-04-12T18:07:27+05:30,1311,-2,75,32.2
2022-04-13T17:56:11+05:30,1312,11,74,32
2022-04-13T17:56:26+05:30,1313,-2,76,32
2022-04-13T17:56:41+05:30,1314,2,73,31.9
2022-04-13T17:56:56+05:30,1315,-1,73,31.9
2022-04-13T17:57:11+05:30,1316,0,73,32
2022-04-13T17:57:27+05:30,1317,0,73,32
2022-04-13T17:57:42+05:30,1318,0,73,31.9
2022-04-13T17:57:57+05:30,1319,0,nan,nan
2022-04-13T17:58:12+05:30,1320,0,nan,nan
2022-04-13T17:58:28+05:30,1321,0,nan,nan
2022-04-13T17:58:43+05:30,1322,0,nan,nan
2022-04-13T17:59:50+05:30,1323,0,nan,nan
2022-04-13T18:00:05+05:30,1324,0,nan,nan
2022-04-13T18:00:21+05:30,1325,0,nan,nan
2022-04-13T18:00:36+05:30,1326,0,nan,nan
2022-04-13T18:00:52+05:30,1327,0,nan,nan
2022-04-13T18:01:07+05:30,1328,4,73,31.9
2022-04-13T18:01:22+05:30,1329,4,73,32
2022-04-13T18:01:38+05:30,1330,4,73,32
2022-04-13T18:01:53+05:30,1331,4,73,31.9
2022-04-13T18:02:08+05:30,1332,2,nan,nan
2022-04-13T18:02:24+05:30,1333,2,nan,nan
2022-04-13T18:02:39+05:30,1334,2,nan,nan
2022-04-13T18:02:54+05:30,1335,2,nan,nan
2022-04-13T18:03:10+05:30,1336,2,nan,nan
2022-04-13T18:03:25+05:30,1337,2,nan,nan
2022-04-13T18:03:40+05:30,1338,2,nan,nan
2022-04-13T18:03:56+05:30,1339,2,nan,nan
2022-04-13T18:04:11+05:30,1340,2,nan,nan
2022-04-13T18:04:26+05:30,1341,2,nan,nan
2022-04-13T18:04:41+05:30,1342,2,nan,nan
2022-04-13T18:04:57+05:30,1343,2,nan,nan
2022-04-13T18:05:12+05:30,1344,2,nan,nan
2022-04-13T18:05:27+05:30,1345,2,nan,nan
2022-04-13T18:05:42+05:30,1346,2,nan,nan
2022-04-13T18:05:58+05:30,1347,2,nan,nan
2022-04-13T18:06:13+05:30,1348,2,nan,nan
2022-04-13T18:06:28+05:30,1349,2,nan,nan
2022-04-13T18:06:44+05:30,1350,2,nan,nan
2022-04-13T18:06:59+05:30,1351,2,nan,nan
2022-04-13T18:07:14+05:30,1352,2,nan,nan
2022-04-13T18:07:29+05:30,1353,2,nan,nan
2022-04-13T18:07:45+05:30,1354,2,nan,nan
2022-04-13T18:08:00+05:30,1355,2,nan,nan
2022-04-13T18:08:15+05:30,1356,2,nan,nan
2022-04-13T18:08:31+05:30,1357,2,nan,nan
2022-04-13T18:08:46+05:30,1358,2,nan,nan
2022-04-13T18:09:01+05:30,1359,2,nan,nan
2022-04-13T18:09:16+05:30,1360,2,nan,nan
2022-04-13T18:09:32+05:30,1361,2,nan,nan
2022-04-13T18:09:47+05:30,1362,2,nan,nan
2022-04-13T18:10:03+05:30,1363,2,nan,nan
2022-04-13T18:10:18+05:30,1364,2,nan,nan
2022-04-13T18:10:33+05:30,1365,2,nan,nan
2022-04-13T18:10:49+05:30,1366,2,nan,nan
2022-04-13T18:11:04+05:30,1367,2,nan,nan
2022-04-13T18:11:20+05:30,1368,2,nan,nan
2022-04-13T18:11:35+05:30,1369,2,nan,nan
2022-04-13T18:11:50+05:30,1370,2,nan,nan
2022-04-13T18:12:06+05:30,1371,2,nan,nan
2022-04-13T18:12:21+05:30,1372,2,nan,nan
2022-04-13T18:12:36+05:30,1373,2,nan,nan
2022-04-13T18:12:52+05:30,1374,2,nan,nan
2022-04-13T18:13:07+05:30,1375,2,nan,nan
2022-04-13T18:13:22+05:30,1376,2,nan,nan
2022-04-13T18:13:38+05:30,1377,-2,nan,nan
2022-04-13T18:13:53+05:30,1378,-2,nan,nan
2022-04-13T18:14:08+05:30,1379,-2,nan,nan
2022-04-13T18:14:23+05:30,1380,-2,nan,nan
2022-04-13T18:14:39+05:30,1381,-2,nan,nan
2022-04-13T18:14:54+05:30,1382,-2,nan,nan
2022-04-13T18:15:09+05:30,1383,-2,nan,nan
2022-04-13T18:15:24+05:30,1384,-2,nan,nan
2022-04-13T18:15:40+05:30,1385,-2,nan,nan
2022-04-13T18:15:55+05:30,1386,-2,nan,nan
2022-04-13T18:16:10+05:30,1387,-2,nan,nan
2022-04-13T18:16:26+05:30,1388,-2,nan,nan
2022-04-13T18:16:41+05:30,1389,-2,nan,nan
2022-04-13T18:16:56+05:30,1390,-2,nan,nan
2022-04-13T18:17:12+05:30,1391,-2,nan,nan
2022-04-13T18:17:27+05:30,1392,-2,nan,nan
2022-04-13T18:17:42+05:30,1393,-2,nan,nan
2022-04-13T18:17:57+05:30,1394,-2,nan,nan
2022-04-13T18:18:13+05:30,1395,-2,nan,nan
2022-04-13T18:18:28+05:30,1396,-2,nan,nan
2022-04-13T18:18:43+05:30,1397,-2,nan,nan
2022-04-13T18:18:59+05:30,1398,-2,nan,nan
2022-04-13T18:19:14+05:30,1399,-2,nan,nan
2022-04-13T18:19:29+05:30,1400,-2,nan,nan
2022-04-13T18:19:45+05:30,1401,-2,nan,nan
2022-04-13T18:20:00+05:30,1402,-2,nan,nan
2022-04-13T18:20:15+05:30,1403,-2,nan,nan
2022-04-13T18:20:30+05:30,1404,-2,nan,nan
2022-04-13T18:20:46+05:30,1405,-2,nan,nan
2022-04-13T18:21:01+05:30,1406,-2,nan,nan
2022-04-13T18:21:16+05:30,1407,-2,nan,nan
2022-04-13T18:21:32+05:30,1408,-2,nan,nan
2022-04-13T18:21:47+05:30,1409,-2,nan,nan
2022-04-13T18:22:02+05:30,1410,-2,nan,nan
2022-04-13T18:22:17+05:30,1411,-2,nan,nan
2022-04-13T18:22:33+05:30,1412,-2,nan,nan
2022-04-13T18:22:48+05:30,1413,-2,nan,nan
2022-04-13T18:23:03+05:30,1414,-2,nan,nan
2022-04-13T18:23:19+05:30,1415,-2,nan,nan
2022-04-13T18:23:34+05:30,1416,-2,nan,nan
2022-04-13T18:23:49+05:30,1417,-2,nan,nan
2022-04-13T18:24:05+05:30,1418,-2,nan,nan
2022-04-13T18:24:20+05:30,1419,-2,nan,nan
2022-04-13T18:24:35+05:30,1420,-2,nan,nan
2022-04-13T18:24:51+05:30,1421,-2,nan,nan
2022-04-13T18:25:06+05:30,1422,-2,nan,nan
2022-04-13T18:25:21+05:30,1423,-2,nan,nan
2022-04-13T18:25:37+05:30,1424,-2,nan,nan
2022-04-13T18:25:52+05:30,1425,-2,nan,nan
2022-04-13T18:26:07+05:30,1426,-2,nan,nan
2022-04-13T18:26:23+05:30,1427,6,nan,nan
2022-04-13T18:26:38+05:30,1428,-2,nan,nan
2022-04-13T18:26:53+05:30,1429,-2,nan,nan
2022-04-13T18:27:08+05:30,1430,-2,nan,nan
2022-04-13T18:27:24+05:30,1431,-2,nan,nan
2022-04-13T18:27:39+05:30,1432,0,73,32.2
2022-04-13T18:27:55+05:30,1433,-2,79,32.5
2022-04-13T18:28:10+05:30,1434,-2,73,32.4
2022-04-13T18:28:25+05:30,1435,-2,nan,nan
2022-04-13T18:28:40+05:30,1436,-2,72,32.5
2022-04-13T18:28:56+05:30,1437,-2,72,32.3
2022-04-13T18:29:11+05:30,1438,-2,72,32.3
2022-04-13T18:29:26+05:30,1439,-2,72,32.5
2022-04-13T18:29:41+05:30,1440,-2,71,32.2
2022-04-13T18:29:56+05:30,1441,-2,nan,nan
2022-04-13T18:30:11+05:30,1442,-2,nan,nan
2022-04-13T18:30:27+05:30,1443,84,72,32.2
2022-04-13T18:30:42+05:30,1444,-2,72,32.2
2022-04-13T18:30:57+05:30,1445,-2,72,32.1
2022-04-13T18:31:13+05:30,1446,-2,73,32.1
2022-04-13T18:31:28+05:30,1447,-2,72,32.1
2022-04-13T18:31:43+05:30,1448,-2,72,32.1
2022-04-13T18:31:59+05:30,1449,-2,72,32
2022-04-13T18:32:14+05:30,1450,-2,72,32
2022-04-13T18:32:29+05:30,1451,-2,72,32
2022-04-13T18:32:44+05:30,1452,-2,72,32
2022-04-13T18:32:59+05:30,1453,-2,73,32
2022-04-13T18:33:15+05:30,1454,-2,73,32
2022-04-13T18:33:30+05:30,1455,-2,73,32
2022-04-13T18:33:46+05:30,1456,-2,73,32
2022-04-13T18:34:01+05:30,1457,-2,72,32
2022-04-13T18:34:17+05:30,1458,-2,72,32
2022-04-13T18:34:32+05:30,1459,-2,72,32
2022-04-13T18:34:47+05:30,1460,-2,72,32
2022-04-13T18:35:02+05:30,1461,-2,73,32
2022-04-13T18:35:18+05:30,1462,-2,72,32
2022-04-13T18:35:33+05:30,1463,-2,72,32.1
2022-04-13T18:35:49+05:30,1464,-2,72,32
2022-04-13T18:36:04+05:30,1465,10,72,32
2022-04-13T18:36:19+05:30,1466,-2,72,32
2022-04-13T18:36:35+05:30,1467,-1,nan,nan
2022-04-13T18:36:50+05:30,1468,2,72,32
2022-04-13T18:37:05+05:30,1469,-1,72,32
2022-04-13T18:37:21+05:30,1470,-2,72,32
2022-04-13T18:37:36+05:30,1471,-2,72,32
2022-04-13T18:37:51+05:30,1472,-2,72,32
2022-04-13T18:38:06+05:30,1473,0,nan,nan
2022-04-13T18:38:21+05:30,1474,6,nan,nan
2022-04-13T18:38:36+05:30,1475,0,72,31.9
2022-04-13T18:38:51+05:30,1476,1,nan,nan
2022-04-13T18:39:07+05:30,1477,3,nan,nan
2022-04-13T18:39:22+05:30,1478,23,nan,nan
2022-04-13T18:39:37+05:30,1479,23,nan,nan
2022-04-13T18:39:52+05:30,1480,24,nan,nan
2022-04-13T18:40:08+05:30,1481,28,nan,nan
2022-04-13T18:40:23+05:30,1482,9,nan,nan
2022-04-13T18:40:39+05:30,1483,9,nan,nan
2022-04-13T18:40:54+05:30,1484,6,nan,nan
2022-04-13T18:41:09+05:30,1485,6,nan,nan
2022-04-13T18:41:25+05:30,1486,25,nan,nan
2022-04-13T18:41:40+05:30,1487,26,nan,nan
2022-04-13T18:41:55+05:30,1488,27,nan,nan
2022-04-13T18:42:12+05:30,1489,27,nan,nan
2022-04-13T18:42:27+05:30,1490,27,nan,nan
2022-04-13T18:42:42+05:30,1491,4,nan,nan
2022-04-13T18:43:04+05:30,1492,4,nan,nan
2022-04-13T18:43:19+05:30,1493,4,nan,nan
2022-04-13T18:43:34+05:30,1494,1,nan,nan
2022-04-13T18:43:49+05:30,1495,2,nan,nan
2022-04-13T18:44:05+05:30,1496,2,nan,nan
2022-04-13T18:44:20+05:30,1497,2,nan,nan
2022-04-13T18:44:35+05:30,1498,-2,71,32.1
2022-04-13T18:44:51+05:30,1499,-2,nan,nan
2022-04-13T18:45:06+05:30,1500,-2,nan,nan
2022-04-13T18:45:21+05:30,1501,-2,nan,nan
2022-04-13T18:45:36+05:30,1502,-2,nan,nan
2022-04-13T18:45:51+05:30,1503,-2,nan,nan
2022-04-13T18:46:07+05:30,1504,-2,nan,nan
2022-04-13T18:46:22+05:30,1505,-2,nan,nan
2022-04-13T18:46:37+05:30,1506,-2,nan,nan
2022-04-13T18:46:53+05:30,1507,-2,nan,nan
2022-04-13T18:47:08+05:30,1508,-2,72,32.1
2022-04-13T18:47:23+05:30,1509,-2,nan,nan
2022-04-13T18:47:39+05:30,1510,-2,71,32
2022-04-13T18:47:54+05:30,1511,-2,72,32
2022-04-13T18:48:10+05:30,1512,-2,72,32
2022-04-13T18:48:25+05:30,1513,-2,71,32
2022-04-13T18:48:41+05:30,1514,-2,72,32
2022-04-13T18:48:56+05:30,1515,-2,72,31.9
2022-04-13T18:49:12+05:30,1516,-2,71,31.9
2022-04-13T18:49:27+05:30,1517,-2,71,31.9
2022-04-13T18:49:42+05:30,1518,-2,71,32
2022-04-13T18:49:58+05:30,1519,-2,72,32
2022-04-13T18:50:13+05:30,1520,-2,71,32
2022-04-13T18:50:28+05:30,1521,-2,72,32
2022-04-13T18:50:44+05:30,1522,-2,72,32
2022-04-13T18:50:59+05:30,1523,-2,72,32
2022-04-13T18:51:15+05:30,1524,-2,72,32
2022-04-13T18:51:30+05:30,1525,-2,72,32
2022-04-13T18:51:45+05:30,1526,-2,72,32
2022-04-13T18:52:00+05:30,1527,-2,72,32
2022-04-13T18:52:15+05:30,1528,-2,71,32
2022-04-13T18:52:30+05:30,1529,-2,72,32.1
2022-04-13T18:52:45+05:30,1530,-2,72,32.1
2022-04-13T18:53:01+05:30,1531,-2,72,32.2
2022-04-13T18:53:16+05:30,1532,-2,72,32.2
2022-04-13T18:53:31+05:30,1533,-2,72,32.2
2022-04-13T18:53:46+05:30,1534,-2,72,32.1
2022-04-13T18:54:01+05:30,1535,-2,72,32.2
2022-04-13T18:54:16+05:30,1536,-2,72,32.2
2022-04-13T18:54:32+05:30,1537,-2,72,32.2
2022-04-13T18:54:47+05:30,1538,-2,72,32.2
2022-04-13T18:55:03+05:30,1539,-2,72,32.3
2022-04-13T18:55:18+05:30,1540,-2,72,32.3
2022-04-13T18:55:34+05:30,1541,-2,72,32.3
2022-04-13T18:55:49+05:30,1542,-2,72,32.4
2022-04-13T18:56:04+05:30,1543,-2,72,32.4
2022-04-13T18:56:29+05:30,1544,-2,72,32.5
2022-04-13T18:56:44+05:30,1545,-2,71,32.3
2022-04-13T18:57:00+05:30,1546,-2,72,32.4
2022-04-13T18:57:15+05:30,1547,-2,72,32.4
2022-04-13T18:57:30+05:30,1548,-2,72,32.4
2022-04-13T18:57:46+05:30,1549,-2,72,32.4
2022-04-13T18:58:01+05:30,1550,-2,72,32.4
2022-04-13T18:58:16+05:30,1551,-2,72,32.5
2022-04-13T18:58:32+05:30,1552,-2,72,32.5
2022-04-13T18:58:48+05:30,1553,-2,71,32.5
2022-04-13T18:59:03+05:30,1554,-2,71,32.5
2022-04-13T18:59:19+05:30,1555,-2,71,32.5
2022-04-13T18:59:34+05:30,1556,-2,71,32.5
2022-04-13T18:59:49+05:30,1557,-2,71,32.5
2022-04-13T19:00:04+05:30,1558,-2,71,32.5
2022-04-13T19:00:19+05:30,1559,-2,71,32.5
2022-04-13T19:00:35+05:30,1560,-2,71,32.5
2022-04-13T19:00:50+05:30,1561,-2,71,32.5
2022-04-13T19:01:06+05:30,1562,-2,71,32.5
2022-04-13T19:01:22+05:30,1563,-2,70,32.5
2022-04-13T19:01:37+05:30,1564,-2,70,32.5
2022-04-13T19:01:53+05:30,1565,-2,70,32.5
2022-04-13T19:02:08+05:30,1566,-2,70,32.5
2022-04-13T19:02:23+05:30,1567,-2,70,32.5
2022-04-13T19:02:38+05:30,1568,-2,71,32.5
2022-04-13T19:02:53+05:30,1569,-2,70,32.5
2022-04-13T19:03:09+05:30,1570,-2,70,32.5
2022-04-13T19:03:24+05:30,1571,-2,70,32.5
2022-04-13T19:03:39+05:30,1572,-2,70,32.5
2022-04-13T19:03:58+05:30,1573,-2,70,32.5
2022-04-13T19:04:13+05:30,1574,-2,71,32.5
2022-04-13T19:04:28+05:30,1575,-2,71,32.5
2022-04-13T19:04:43+05:30,1576,-2,71,32.5
2022-04-13T19:04:58+05:30,1577,-2,71,32.6
2022-04-13T19:05:14+05:30,1578,-2,71,32.5
2022-04-13T19:05:29+05:30,1579,-2,71,32.5
2022-04-13T19:05:44+05:30,1580,-2,71,32.6
2022-04-13T19:05:59+05:30,1581,-2,71,32.6
2022-04-13T19:06:14+05:30,1582,-2,71,32.6
2022-04-13T19:06:29+05:30,1583,-2,71,32.7
2022-04-13T19:06:45+05:30,1584,-2,71,32.7
2022-04-13T19:07:00+05:30,1585,-2,71,32.7
2022-04-13T19:07:16+05:30,1586,-2,71,32.7
2022-04-13T19:07:31+05:30,1587,-2,71,32.7
2022-04-13T19:07:46+05:30,1588,-2,71,32.7
2022-04-13T19:08:01+05:30,1589,-2,71,32.8
2022-04-13T19:08:16+05:30,1590,-2,71,32.7
2022-04-13T19:08:31+05:30,1591,-2,71,32.7
2022-04-13T19:08:47+05:30,1592,-2,70,32.7
2022-04-13T19:09:02+05:30,1593,-2,71,32.7
2022-04-13T19:09:17+05:30,1594,-2,71,32.7
2022-04-13T19:09:32+05:30,1595,-2,71,32.7
2022-04-13T19:09:47+05:30,1596,-2,71,32.7
2022-04-13T19:10:02+05:30,1597,-2,71,32.7
2022-04-13T19:10:17+05:30,1598,-2,71,32.6
2022-04-13T19:10:32+05:30,1599,-2,71,32.5
2022-04-13T19:10:49+05:30,1600,-2,71,32.7
2022-04-13T19:11:04+05:30,1601,-2,71,32.7
2022-04-13T19:11:19+05:30,1602,-2,71,32.7
2022-04-13T19:11:35+05:30,1603,-2,71,32.7
2022-04-13T19:11:50+05:30,1604,-2,71,32.7
2022-04-13T19:12:05+05:30,1605,-2,71,32.7
2022-04-13T19:12:20+05:30,1606,-2,71,32.7
2022-04-13T19:12:35+05:30,1607,-2,71,32.7
2022-04-13T19:12:50+05:30,1608,-2,71,32.7
2022-04-13T19:13:05+05:30,1609,-2,71,32.7
2022-04-13T19:13:20+05:30,1610,-2,71,32.7
2022-04-13T19:13:36+05:30,1611,-2,71,32.8
2022-04-13T19:13:53+05:30,1612,-2,71,32.8
2022-04-13T19:14:09+05:30,1613,-2,71,32.8
2022-04-13T19:14:25+05:30,1614,-2,nan,nan
2022-04-13T19:16:08+05:30,1615,0,73,32.7
2022-04-13T19:16:24+05:30,1616,-2,72,32.5
2022-04-13T19:16:39+05:30,1617,-2,72,32.6
2022-04-13T19:20:31+05:30,1618,-2,71,32.8
2022-04-13T19:20:47+05:30,1619,-2,71,32.8
2022-04-13T19:21:02+05:30,1620,-2,72,32.8
2022-04-13T19:21:18+05:30,1621,-2,71,32.9
2022-04-13T19:21:33+05:30,1622,-2,72,33
2022-04-13T19:21:48+05:30,1623,-1,71,33
2022-04-13T19:22:04+05:30,1624,0,71,33
2022-04-13T19:22:19+05:30,1625,-2,71,33.1
2022-04-13T19:22:34+05:30,1626,-2,71,33
2022-04-13T19:22:49+05:30,1627,-2,71,33
2022-04-13T19:23:04+05:30,1628,-2,nan,nan
2022-04-13T19:23:19+05:30,1629,-2,nan,nan
2022-04-13T19:23:35+05:30,1630,-2,72,33
2022-04-13T19:23:50+05:30,1631,-2,69,32.9
2022-04-13T19:24:06+05:30,1632,-2,69,32.8
2022-04-13T19:24:21+05:30,1633,-2,69,32.7
2022-04-13T19:24:36+05:30,1634,-2,69,32.8
2022-04-13T19:24:51+05:30,1635,-2,71,32.8
2022-04-13T19:25:07+05:30,1636,-2,69,32.8
2022-04-13T19:25:22+05:30,1637,-2,71,32.8
2022-04-13T19:25:37+05:30,1638,-2,71,32.7
2022-04-13T19:25:52+05:30,1639,-2,71,32.7
2022-04-13T19:26:07+05:30,1640,-2,69,32.9
2022-04-13T19:26:23+05:30,1641,18,70,33
2022-04-13T19:26:39+05:30,1642,12,69,32.9
2022-04-13T19:26:54+05:30,1643,11,70,32.9
2022-04-13T19:27:10+05:30,1644,11,69,32.9
2022-04-13T19:27:25+05:30,1645,11,70,32.8
2022-04-13T19:27:40+05:30,1646,11,70,32.7
2022-04-13T19:27:56+05:30,1647,10,70,32.8
2022-04-13T19:28:11+05:30,1648,1,nan,nan
2022-04-13T19:28:27+05:30,1649,1,70,32.9
2022-04-13T19:28:42+05:30,1650,0,70,32.8
2022-04-13T19:28:57+05:30,1651,0,70,32.9
2022-04-13T19:29:12+05:30,1652,0,70,33
2022-04-13T19:29:27+05:30,1653,1,69,32.9
2022-04-13T19:29:43+05:30,1654,2,nan,nan
2022-04-13T19:29:58+05:30,1655,2,nan,nan
2022-04-13T19:30:13+05:30,1656,2,nan,nan
2022-04-13T19:30:28+05:30,1657,1,nan,nan
2022-04-13T19:30:44+05:30,1658,1,nan,nan
2022-04-13T19:30:59+05:30,1659,2,nan,nan
2022-04-13T19:31:15+05:30,1660,2,nan,nan
2022-04-13T19:31:30+05:30,1661,2,nan,nan
2022-04-13T19:31:52+05:30,1662,6,nan,nan
2022-04-13T19:32:07+05:30,1663,6,71,33
2022-04-13T19:32:23+05:30,1664,9,69,32.9
2022-04-13T19:32:38+05:30,1665,8,69,32.9
2022-04-13T19:32:53+05:30,1666,0,68,32.9
2022-04-13T19:33:08+05:30,1667,1,69,32.9
2022-04-13T19:33:23+05:30,1668,15,68,32.9
2022-04-13T19:33:38+05:30,1669,18,69,33
2022-04-13T19:33:53+05:30,1670,1,69,32.9
2022-04-13T19:34:08+05:30,1671,1,70,33
2022-04-13T19:34:24+05:30,1672,1,69,32.7
2022-04-13T19:34:39+05:30,1673,0,69,32.8
2022-04-13T19:34:54+05:30,1674,0,70,32.8
2022-04-13T19:35:09+05:30,1675,0,69,32.7
2022-04-13T19:35:24+05:30,1676,0,69,32.8
2022-04-13T19:35:39+05:30,1677,1,71,32.8
2022-04-13T19:36:03+05:30,1678,-2,72,33
2022-04-13T19:36:19+05:30,1679,-1,69,32.9
2022-04-13T19:36:34+05:30,1680,-2,70,32.9
2022-04-13T19:36:49+05:30,1681,15,69,32.8
2022-04-13T19:37:05+05:30,1682,-2,69,32.9
2022-04-13T19:37:22+05:30,1683,-2,69,32.7
2022-04-13T19:37:37+05:30,1684,0,68,32.7
2022-04-13T19:37:52+05:30,1685,13,69,32.7
2022-04-13T19:38:08+05:30,1686,13,68,32.6
2022-04-13T19:38:36+05:30,1687,18,69,32.7
2022-04-13T19:38:51+05:30,1688,17,69,32.6
2022-04-13T19:39:07+05:30,1689,14,69,32.6
2022-04-13T19:39:22+05:30,1690,14,69,32.6
2022-04-13T19:39:38+05:30,1691,13,68,32.6
2022-04-13T19:39:53+05:30,1692,13,68,32.6
2022-04-13T19:40:08+05:30,1693,13,68,32.6
2022-04-13T19:40:24+05:30,1694,13,69,32.5
2022-04-13T19:40:39+05:30,1695,13,68,32.5
2022-04-13T19:40:55+05:30,1696,13,68,32.5
2022-04-13T19:41:10+05:30,1697,13,67,32.5
2022-04-13T19:41:25+05:30,1698,13,68,32.5
2022-04-13T19:41:41+05:30,1699,13,67,32.5
2022-04-13T19:41:56+05:30,1700,13,67,32.4
2022-04-13T19:42:11+05:30,1701,12,68,32.4
2022-04-13T19:42:26+05:30,1702,11,68,32.4
2022-04-13T19:42:41+05:30,1703,11,68,32.4
2022-04-13T19:42:57+05:30,1704,11,68,32.4
2022-04-13T19:43:12+05:30,1705,11,68,32.4
2022-04-13T19:43:28+05:30,1706,11,68,32.4
2022-04-13T19:43:43+05:30,1707,12,68,32.4
2022-04-13T19:43:58+05:30,1708,11,69,32.4
2022-04-13T19:44:14+05:30,1709,11,68,32.4
2022-04-13T19:44:29+05:30,1710,4,68,32.4
2022-04-13T19:44:44+05:30,1711,4,68,32.4
2022-04-13T19:44:59+05:30,1712,4,68,32.4
2022-04-13T19:45:14+05:30,1713,4,68,32.4
2022-04-13T19:45:30+05:30,1714,4,68,32.4
2022-04-13T19:45:45+05:30,1715,4,68,32.3
2022-04-13T19:46:00+05:30,1716,4,68,32.4
2022-04-13T19:46:15+05:30,1717,3,69,32.4
2022-04-13T19:46:31+05:30,1718,3,68,32.3
2022-04-13T19:49:10+05:30,1719,11,69,32.3
2022-04-13T19:49:26+05:30,1720,26,69,32.2
2022-04-13T19:49:41+05:30,1721,25,71,32.2
2022-04-13T19:49:57+05:30,1722,24,70,32.4
2022-04-13T19:50:12+05:30,1723,24,69,32.5
2022-04-13T19:50:27+05:30,1724,24,70,32.5
2022-04-13T19:50:42+05:30,1725,24,69,32.5
2022-04-13T19:51:15+05:30,1726,23,71,32.7
2022-04-13T19:51:30+05:30,1727,23,68,32.5
2022-04-13T19:51:46+05:30,1728,23,69,32.5
2022-04-13T19:52:01+05:30,1729,23,68,32.5
2022-04-13T19:52:28+05:30,1730,23,70,32.7
2022-04-13T19:52:43+05:30,1731,23,68,32.5
2022-04-13T19:52:58+05:30,1732,23,68,32.5
2022-04-13T19:53:13+05:30,1733,23,68,32.6
2022-04-13T19:53:28+05:30,1734,23,68,32.6
2022-04-13T19:53:43+05:30,1735,22,68,32.6
2022-04-13T19:54:00+05:30,1736,75,68,32.6
2022-04-13T19:54:16+05:30,1737,9,69,32.6
2022-04-13T19:54:31+05:30,1738,97,68,32.6
2022-04-13T19:54:46+05:30,1739,12,68,32.5
2022-04-13T19:55:02+05:30,1740,3,69,32.6
2022-04-13T19:55:44+05:30,1741,103,68,32.7
2022-04-13T19:55:59+05:30,1742,11,68,32.6
2022-04-13T19:56:14+05:30,1743,12,69,32.5
2022-04-13T19:56:30+05:30,1744,22,69,32.5
2022-04-13T19:56:46+05:30,1745,20,69,32.5
2022-04-13T19:57:01+05:30,1746,18,69,32.5
2022-04-13T19:57:16+05:30,1747,7,68,32.5
2022-04-13T19:57:31+05:30,1748,6,68,32.5
2022-04-13T19:57:46+05:30,1749,6,68,32.5
2022-04-13T19:58:02+05:30,1750,8,68,32.5
2022-04-13T19:58:17+05:30,1751,11,68,32.5
2022-04-13T19:58:33+05:30,1752,9,68,32.5
2022-04-13T19:58:48+05:30,1753,6,69,32.5
2022-04-13T19:59:04+05:30,1754,5,69,32.5
2022-04-13T19:59:20+05:30,1755,4,68,32.5
2022-04-13T19:59:35+05:30,1756,4,68,32.5
2022-04-13T19:59:50+05:30,1757,4,68,32.5
2022-04-13T20:00:06+05:30,1758,4,68,32.5
2022-04-13T20:00:21+05:30,1759,4,69,32.4
2022-04-13T20:00:36+05:30,1760,4,68,32.4
2022-04-13T20:00:52+05:30,1761,4,69,32.4
2022-04-13T20:01:07+05:30,1762,4,68,32.4
2022-04-13T20:01:22+05:30,1763,9,69,32.4
2022-04-13T20:01:38+05:30,1764,11,69,32.4
2022-04-13T20:01:53+05:30,1765,18,69,32.3
2022-04-13T20:02:09+05:30,1766,15,69,32.4
2022-04-13T20:02:24+05:30,1767,15,69,32.3
2022-04-13T20:02:39+05:30,1768,16,69,32.3
2022-04-13T20:02:54+05:30,1769,17,69,32.3
2022-04-13T20:03:09+05:30,1770,16,69,32.2
2022-04-13T20:03:24+05:30,1771,16,69,32.2
2022-04-13T20:03:40+05:30,1772,16,69,32.2
2022-04-13T20:03:55+05:30,1773,16,69,32.2
2022-04-13T20:04:13+05:30,1774,17,69,32.2
2022-04-13T20:04:28+05:30,1775,17,69,32.2
2022-04-13T20:04:43+05:30,1776,17,69,32.2
2022-04-13T20:04:58+05:30,1777,17,69,32.2
2022-04-13T20:05:14+05:30,1778,17,69,32.2
2022-04-13T20:05:29+05:30,1779,16,69,32.2
2022-04-13T20:05:45+05:30,1780,16,70,32.2
2022-04-13T20:06:00+05:30,1781,16,70,32.2
2022-04-13T20:06:15+05:30,1782,16,71,32.2
2022-04-13T20:06:31+05:30,1783,16,70,32.1
2022-04-13T20:06:46+05:30,1784,16,70,32.2
2022-04-13T20:07:01+05:30,1785,16,70,32.1
2022-04-13T20:07:17+05:30,1786,16,70,32.2
2022-04-13T20:07:32+05:30,1787,16,70,32.2
2022-04-13T20:07:47+05:30,1788,16,70,32.2
2022-04-13T20:08:02+05:30,1789,16,70,32.2
2022-04-13T20:08:17+05:30,1790,16,70,32.2
2022-04-13T20:08:32+05:30,1791,16,70,32.2
2022-04-13T20:08:47+05:30,1792,16,70,32.2
2022-04-13T20:09:03+05:30,1793,16,70,32.1
2022-04-13T20:09:18+05:30,1794,8,70,32.1
2022-04-13T20:09:33+05:30,1795,16,70,32.2
2022-04-13T20:09:48+05:30,1796,15,70,32.2
2022-04-13T20:10:04+05:30,1797,15,71,32.2
2022-04-13T20:10:19+05:30,1798,14,70,32.2
2022-04-13T20:10:34+05:30,1799,15,70,32.2
2022-04-13T20:10:50+05:30,1800,14,70,32.1
2022-04-13T20:11:05+05:30,1801,13,70,32.2
2022-04-13T20:11:20+05:30,1802,12,71,32.2
2022-04-13T20:11:36+05:30,1803,15,70,32.2
2022-04-13T20:11:51+05:30,1804,15,70,32.2
2022-04-13T20:12:07+05:30,1805,14,71,32.2
2022-04-13T20:12:22+05:30,1806,13,70,32.2
2022-04-13T20:12:37+05:30,1807,18,70,32.2
2022-04-13T20:12:52+05:30,1808,18,71,32.2
2022-04-13T20:13:07+05:30,1809,17,71,32.2
2022-04-13T20:13:23+05:30,1810,15,69,32.2
2022-04-13T20:13:38+05:30,1811,15,69,32.2
2022-04-13T20:13:54+05:30,1812,15,69,32.3
2022-04-13T20:14:09+05:30,1813,15,70,32.3
2022-04-13T20:14:24+05:30,1814,17,70,32.2
2022-04-13T20:15:26+05:30,1815,17,70,32.5
2022-04-13T20:15:41+05:30,1816,18,70,32.3
2022-04-13T20:15:56+05:30,1817,17,70,32.4
2022-04-13T20:16:11+05:30,1818,17,70,32.5
2022-04-13T20:16:26+05:30,1819,17,69,32.5
2022-04-13T20:16:42+05:30,1820,17,69,32.5
2022-04-13T20:16:57+05:30,1821,17,70,32.5
2022-04-13T20:17:12+05:30,1822,16,70,32.5
2022-04-13T20:17:27+05:30,1823,16,70,32.5
2022-04-13T20:17:43+05:30,1824,16,70,32.6
2022-04-13T20:17:58+05:30,1825,10,70,32.5
2022-04-13T20:18:13+05:30,1826,9,70,32.5
2022-04-13T20:18:29+05:30,1827,9,70,32.6
2022-04-13T20:18:44+05:30,1828,9,70,32.6
2022-04-13T20:19:01+05:30,1829,9,70,32.7
2022-04-13T20:19:16+05:30,1830,9,70,32.6
2022-04-13T20:19:32+05:30,1831,8,69,32.7
2022-04-13T20:20:26+05:30,1832,20,70,32.8
2022-04-13T20:20:41+05:30,1833,19,70,32.8
2022-04-13T20:20:56+05:30,1834,19,71,32.9
2022-04-13T20:21:12+05:30,1835,19,71,33
2022-04-13T20:21:27+05:30,1836,16,71,32.9
2022-04-13T20:21:42+05:30,1837,15,70,33
2022-04-13T20:21:57+05:30,1838,14,70,33
2022-04-13T20:22:12+05:30,1839,14,70,33
2022-04-13T20:22:27+05:30,1840,13,70,33
2022-04-13T20:22:42+05:30,1841,17,70,33
2022-04-13T20:22:57+05:30,1842,17,71,33
2022-04-13T20:23:12+05:30,1843,17,71,33
2022-04-13T20:23:27+05:30,1844,16,71,33
2022-04-13T20:23:42+05:30,1845,16,71,33
2022-04-13T20:23:58+05:30,1846,16,71,33
2022-04-13T20:24:13+05:30,1847,19,70,33
2022-04-13T20:24:28+05:30,1848,18,70,33
2022-04-13T20:24:44+05:30,1849,18,71,33.1
2022-04-13T20:24:59+05:30,1850,18,70,33.1
2022-04-13T20:25:14+05:30,1851,18,70,33.1
2022-04-13T20:25:29+05:30,1852,18,70,33
2022-04-13T20:25:44+05:30,1853,19,70,33.1
2022-04-13T20:25:59+05:30,1854,15,70,33
2022-04-13T20:26:14+05:30,1855,11,70,33
2022-04-13T20:26:30+05:30,1856,10,70,33
2022-04-13T20:26:45+05:30,1857,10,70,33
2022-04-13T20:27:00+05:30,1858,9,70,33
2022-04-13T20:27:15+05:30,1859,9,70,32.9
2022-04-13T20:27:30+05:30,1860,9,69,32.9
2022-04-13T20:27:45+05:30,1861,9,69,32.9
2022-04-13T20:28:00+05:30,1862,8,69,32.8
2022-04-13T20:28:15+05:30,1863,8,69,32.8
2022-04-13T20:28:31+05:30,1864,11,70,32.8
2022-04-13T20:28:46+05:30,1865,10,70,32.8
2022-04-13T20:29:01+05:30,1866,11,70,32.8
2022-04-13T20:29:16+05:30,1867,10,70,32.8
2022-04-13T20:29:31+05:30,1868,9,70,32.8
2022-04-13T20:29:47+05:30,1869,9,70,32.8
2022-04-13T20:30:02+05:30,1870,9,70,32.8
2022-04-13T20:30:17+05:30,1871,9,70,32.7
2022-04-13T20:30:32+05:30,1872,9,70,32.7
2022-04-13T20:30:47+05:30,1873,9,70,32.7
2022-04-13T20:31:02+05:30,1874,9,70,32.7
2022-04-13T20:31:17+05:30,1875,9,70,32.7
2022-04-13T20:31:32+05:30,1876,9,70,32.7
2022-04-13T20:31:47+05:30,1877,9,70,32.7
2022-04-13T20:32:03+05:30,1878,8,70,32.7
2022-04-13T20:32:18+05:30,1879,9,69,32.7
2022-04-13T20:32:33+05:30,1880,15,68,32.7
2022-04-13T20:32:48+05:30,1881,13,68,32.6
2022-04-13T20:33:03+05:30,1882,12,69,32.7
2022-04-13T20:33:19+05:30,1883,12,69,32.6
2022-04-13T20:33:34+05:30,1884,11,69,32.6
2022-04-13T20:33:49+05:30,1885,11,69,32.6
2022-04-13T20:34:04+05:30,1886,11,69,32.7
2022-04-13T20:34:19+05:30,1887,11,69,32.7
2022-04-13T20:34:34+05:30,1888,11,70,32.7
2022-04-13T20:34:49+05:30,1889,11,69,32.7
2022-04-13T20:35:05+05:30,1890,11,69,32.7
2022-04-13T20:35:20+05:30,1891,7,69,32.7
2022-04-13T20:35:39+05:30,1892,13,69,32.7
2022-04-13T20:35:54+05:30,1893,12,69,32.7
2022-04-13T20:36:10+05:30,1894,13,69,32.7
2022-04-13T20:36:25+05:30,1895,-2,70,32.7
2022-04-13T20:36:40+05:30,1896,-2,70,32.7
2022-04-13T20:36:55+05:30,1897,-2,70,32.7
2022-04-13T20:37:10+05:30,1898,-2,70,32.7
2022-04-13T20:37:25+05:30,1899,-2,70,32.7
2022-04-13T20:37:40+05:30,1900,-2,70,32.7
2022-04-13T20:37:56+05:30,1901,-2,70,32.7
2022-04-13T20:38:11+05:30,1902,-2,70,32.7
2022-04-13T20:38:26+05:30,1903,-2,70,32.7
2022-04-13T20:38:41+05:30,1904,-2,70,32.7
2022-04-13T20:38:57+05:30,1905,-2,70,32.7
2022-04-13T20:39:13+05:30,1906,-2,70,32.6
2022-04-13T20:39:28+05:30,1907,-2,70,32.6
2022-04-13T20:39:43+05:30,1908,-2,71,32.6
2022-04-13T20:39:58+05:30,1909,-2,70,32.7
2022-04-13T20:40:14+05:30,1910,-2,70,32.6
2022-04-13T20:40:29+05:30,1911,-2,70,32.6
2022-04-13T20:40:44+05:30,1912,-1,70,32.6
2022-04-13T20:40:59+05:30,1913,-1,70,32.5
2022-04-13T20:41:15+05:30,1914,-1,70,32.5
2022-04-13T20:41:30+05:30,1915,-1,70,32.6
2022-04-13T20:41:45+05:30,1916,-1,70,32.5
2022-04-13T20:42:00+05:30,1917,-1,70,32.5
2022-04-13T20:42:15+05:30,1918,-1,70,32.6
2022-04-13T20:42:30+05:30,1919,-1,70,32.6
2022-04-13T20:42:45+05:30,1920,-1,70,32.5
2022-04-13T20:44:17+05:30,1921,-1,72,32.6
2022-04-13T20:44:34+05:30,1922,-1,70,32.5
2022-04-13T20:44:49+05:30,1923,-1,70,32.5
2022-04-13T20:45:05+05:30,1924,-2,70,32.5
2022-04-13T20:45:20+05:30,1925,-2,70,32.5
2022-04-13T20:45:35+05:30,1926,-2,70,32.5
2022-04-13T20:45:50+05:30,1927,-2,70,32.5
2022-04-13T20:46:05+05:30,1928,-2,70,32.5
2022-04-13T20:46:21+05:30,1929,-2,70,32.5
2022-04-13T20:46:36+05:30,1930,-2,70,32.5
2022-04-13T20:46:51+05:30,1931,-2,69,32.5
2022-04-13T20:47:06+05:30,1932,-2,70,32.5
2022-04-13T20:47:21+05:30,1933,-2,70,32.5
2022-04-13T20:47:36+05:30,1934,-2,70,32.5
2022-04-13T20:47:51+05:30,1935,-2,70,32.5
2022-04-13T20:48:07+05:30,1936,-2,70,32.5
2022-04-13T20:48:22+05:30,1937,-2,69,32.5
2022-04-13T20:48:37+05:30,1938,-2,70,32.5
2022-04-13T20:48:52+05:30,1939,-2,70,32.5
2022-04-13T20:49:08+05:30,1940,-2,70,32.5
2022-04-13T20:49:23+05:30,1941,-2,70,32.5
2022-04-13T20:49:38+05:30,1942,-2,69,32.5
2022-04-13T20:49:53+05:30,1943,-2,70,32.5
2022-04-13T20:50:08+05:30,1944,-2,70,32.5
2022-04-13T20:50:24+05:30,1945,-2,70,32.5
2022-04-13T20:50:39+05:30,1946,-2,69,32.4
2022-04-13T20:50:54+05:30,1947,-2,69,32.4
2022-04-13T20:51:09+05:30,1948,-2,69,32.4
2022-04-13T20:51:24+05:30,1949,-2,69,32.4
2022-04-13T20:51:39+05:30,1950,-2,70,32.4
2022-04-13T20:51:54+05:30,1951,-2,70,32.4
2022-04-13T20:52:09+05:30,1952,-2,70,32.4
2022-04-13T20:52:24+05:30,1953,-2,70,32.4
2022-04-13T20:52:40+05:30,1954,-2,70,32.4
2022-04-13T20:52:55+05:30,1955,-2,70,32.4
2022-04-13T20:53:10+05:30,1956,-1,70,32.4
2022-04-13T20:53:25+05:30,1957,-1,70,32.4
2022-04-13T20:53:40+05:30,1958,0,70,32.4
2022-04-13T20:53:55+05:30,1959,-1,70,32.4
2022-04-13T20:54:10+05:30,1960,-1,70,32.4
2022-04-13T20:54:25+05:30,1961,-2,70,32.4
2022-04-13T20:54:40+05:30,1962,-2,71,32.4
2022-04-13T20:54:55+05:30,1963,-1,70,32.4
2022-04-13T20:55:11+05:30,1964,-1,70,32.4
2022-04-13T20:55:26+05:30,1965,-1,70,32.4
2022-04-13T20:55:41+05:30,1966,-1,71,32.4
2022-04-13T20:55:56+05:30,1967,-1,70,32.5
2022-04-13T20:56:11+05:30,1968,-2,70,32.5
2022-04-13T20:56:26+05:30,1969,-1,70,32.5
2022-04-13T20:56:41+05:30,1970,-1,70,32.6
2022-04-13T20:56:56+05:30,1971,-1,70,32.6
2022-04-13T20:57:11+05:30,1972,-1,70,32.5
2022-04-13T20:57:26+05:30,1973,-1,70,32.5
2022-04-13T20:57:41+05:30,1974,-1,70,32.5
2022-04-13T20:57:57+05:30,1975,-1,70,32.5
2022-04-13T20:58:12+05:30,1976,-1,70,32.5
2022-04-13T20:58:28+05:30,1977,-1,70,32.5
2022-04-13T20:58:43+05:30,1978,-1,70,32.5
2022-04-13T20:58:58+05:30,1979,-1,70,32.5
2022-04-13T20:59:17+05:30,1980,-1,70,32.4
2022-04-13T20:59:33+05:30,1981,-2,71,32.4
2022-04-13T20:59:48+05:30,1982,-2,71,32.5
2022-04-13T21:00:03+05:30,1983,-2,71,32.4
2022-04-13T21:00:18+05:30,1984,-2,71,32.4
2022-04-13T21:00:33+05:30,1985,-1,71,32.4
2022-04-13T21:00:49+05:30,1986,-1,71,32.5
2022-04-13T21:01:04+05:30,1987,-1,71,32.4
2022-04-13T21:01:19+05:30,1988,-1,71,32.4
2022-04-13T21:01:34+05:30,1989,-1,71,32.5
2022-04-13T21:01:49+05:30,1990,-1,71,32.5
2022-04-13T21:02:04+05:30,1991,-1,71,32.4
2022-04-13T21:02:20+05:30,1992,-1,71,32.4
2022-04-13T21:02:35+05:30,1993,-1,71,32.4
2022-04-13T21:02:50+05:30,1994,-1,70,32.4
2022-04-13T21:03:05+05:30,1995,-1,71,32.4
2022-04-13T21:03:21+05:30,1996,-1,71,32.4
2022-04-13T21:03:36+05:30,1997,-1,71,32.4
2022-04-13T21:03:51+05:30,1998,-1,71,32.4
2022-04-13T21:04:07+05:30,1999,-1,71,32.4
2022-04-13T21:04:22+05:30,2000,-1,71,32.4
2022-04-13T21:04:37+05:30,2001,-1,71,32.4
2022-04-13T21:04:52+05:30,2002,-1,71,32.4
2022-04-13T21:05:07+05:30,2003,-1,71,32.4
2022-04-13T21:05:22+05:30,2004,-1,71,32.4
2022-04-13T21:05:37+05:30,2005,-1,71,32.4
2022-04-13T21:05:52+05:30,2006,-1,71,32.3
2022-04-13T21:06:08+05:30,2007,-1,72,32.4
2022-04-13T21:06:23+05:30,2008,-1,71,32.4
2022-04-13T21:06:38+05:30,2009,-1,71,32.4
2022-04-13T21:06:53+05:30,2010,-1,71,32.5
2022-04-13T21:07:08+05:30,2011,-1,71,32.4
2022-04-13T21:07:23+05:30,2012,-1,71,32.4
2022-04-13T21:07:38+05:30,2013,-1,71,32.4
2022-04-13T21:07:53+05:30,2014,-1,71,32.5
2022-04-13T21:08:08+05:30,2015,-1,71,32.5
2022-04-13T21:08:23+05:30,2016,-1,71,32.4
2022-04-13T21:08:38+05:30,2017,-1,71,32.4
2022-04-13T21:08:53+05:30,2018,-1,71,32.4
2022-04-13T21:09:09+05:30,2019,-1,71,32.3
2022-04-13T21:09:24+05:30,2020,-1,71,32.3
2022-04-13T21:09:40+05:30,2021,4,71,32.4
2022-04-13T21:09:55+05:30,2022,7,71,32.4
2022-04-13T21:10:11+05:30,2023,6,71,32.3
2022-04-13T21:10:26+05:30,2024,7,70,32.3
2022-04-13T21:10:41+05:30,2025,10,70,32.3
2022-04-13T21:10:57+05:30,2026,10,71,32.3
2022-04-13T21:11:12+05:30,2027,9,70,32.3
2022-04-13T21:11:27+05:30,2028,13,71,32.3
2022-04-13T21:11:42+05:30,2029,11,71,32.3
2022-04-13T21:11:58+05:30,2030,11,71,32.3
2022-04-13T21:12:13+05:30,2031,11,71,32.3
2022-04-13T21:12:28+05:30,2032,11,71,32.3
2022-04-13T21:12:43+05:30,2033,11,71,32.3
2022-04-13T21:12:59+05:30,2034,11,71,32.3
2022-04-13T21:13:14+05:30,2035,11,71,32.3
2022-04-13T21:13:29+05:30,2036,11,71,32.2
2022-04-13T21:13:45+05:30,2037,11,71,32.3
2022-04-13T21:14:00+05:30,2038,11,71,32.3
2022-04-13T21:14:15+05:30,2039,11,71,32.3
2022-04-13T21:14:31+05:30,2040,11,71,32.3
2022-04-13T21:14:46+05:30,2041,11,71,32.3
2022-04-13T21:15:02+05:30,2042,11,71,32.3
2022-04-13T21:15:17+05:30,2043,11,71,32.3
2022-04-13T21:15:32+05:30,2044,6,71,32.3
2022-04-13T21:15:47+05:30,2045,5,71,32.3
2022-04-13T21:16:02+05:30,2046,5,71,32.3
2022-04-13T21:16:17+05:30,2047,6,71,32.3
2022-04-13T21:16:32+05:30,2048,5,71,32.3
2022-04-13T21:16:48+05:30,2049,5,72,32.3
2022-04-13T21:17:03+05:30,2050,5,72,32.4
2022-04-13T21:17:18+05:30,2051,5,72,32.4
2022-04-13T21:17:34+05:30,2052,5,72,32.4
2022-04-13T21:17:49+05:30,2053,10,72,32.4
2022-04-13T21:18:04+05:30,2054,8,73,32.4
2022-04-13T21:18:19+05:30,2055,8,73,32.4
2022-04-13T21:18:34+05:30,2056,8,73,32.4
2022-04-13T21:18:50+05:30,2057,7,73,32.4
2022-04-13T21:19:05+05:30,2058,8,73,32.4
2022-04-13T21:19:20+05:30,2059,8,73,32.4
2022-04-13T21:19:36+05:30,2060,10,73,32.4
2022-04-13T21:19:51+05:30,2061,10,73,32.5
2022-04-13T21:20:06+05:30,2062,20,73,32.4
2022-04-13T21:20:22+05:30,2063,12,74,32.4
2022-04-13T21:20:37+05:30,2064,13,74,32.4
2022-04-13T21:20:52+05:30,2065,13,74,32.4
2022-04-13T21:21:07+05:30,2066,13,74,32.4
2022-04-13T21:21:22+05:30,2067,13,73,32.4
2022-04-13T21:21:38+05:30,2068,11,73,32.4
2022-04-13T21:21:53+05:30,2069,11,73,32.4
2022-04-13T21:22:08+05:30,2070,10,73,32.4
2022-04-13T21:22:23+05:30,2071,15,73,32.4
2022-04-13T21:22:39+05:30,2072,15,73,32.4
2022-04-13T21:22:54+05:30,2073,15,73,32.4
2022-04-13T21:23:10+05:30,2074,14,73,32.4
2022-04-13T21:23:25+05:30,2075,20,73,32.4
2022-04-13T21:23:41+05:30,2076,22,73,32.3
2022-04-13T21:23:56+05:30,2077,19,73,32.3
2022-04-13T21:24:12+05:30,2078,20,72,32.5
2022-04-13T21:24:27+05:30,2079,18,71,32.8
2022-04-13T21:24:42+05:30,2080,10,70,33.5
2022-04-13T21:24:57+05:30,2081,9,68,34.1
2022-04-13T21:25:12+05:30,2082,9,66,34.6
2022-04-13T21:25:27+05:30,2083,9,64,35
2022-04-13T21:25:42+05:30,2084,9,63,35.3
2022-04-13T21:25:57+05:30,2085,9,62,35.5
2022-04-13T21:26:12+05:30,2086,9,61,35.8
2022-04-13T21:26:28+05:30,2087,9,61,36
2022-04-13T21:26:43+05:30,2088,9,61,36.1
2022-04-13T21:26:58+05:30,2089,9,61,36.1
2022-04-13T21:27:13+05:30,2090,9,61,36.2
2022-04-13T21:27:28+05:30,2091,9,60,36.2
2022-04-13T21:27:43+05:30,2092,9,60,36.1
2022-04-13T21:27:59+05:30,2093,9,60,36.2
2022-04-13T21:28:14+05:30,2094,9,60,36.1
2022-04-13T21:28:29+05:30,2095,9,61,36.1
2022-04-13T21:28:44+05:30,2096,9,61,36.1
2022-04-13T21:28:59+05:30,2097,9,62,36.1
2022-04-13T21:29:14+05:30,2098,9,62,36.2
2022-04-13T21:29:29+05:30,2099,9,61,36.2
2022-04-13T21:29:44+05:30,2100,9,61,36.4
2022-04-13T21:29:59+05:30,2101,9,61,36.3
2022-04-13T21:30:14+05:30,2102,9,61,36.5
2022-04-13T21:30:30+05:30,2103,9,61,36.5
2022-04-13T21:30:45+05:30,2104,9,61,36.5
2022-04-13T21:31:00+05:30,2105,9,61,36.4
2022-04-13T21:31:15+05:30,2106,9,61,36.3
2022-04-13T21:31:30+05:30,2107,9,61,36.3
2022-04-13T21:31:46+05:30,2108,9,62,36.2
2022-04-13T21:32:01+05:30,2109,9,62,36.2
2022-04-13T21:32:16+05:30,2110,9,62,36.1
2022-04-13T21:32:32+05:30,2111,9,62,36.1
2022-04-13T21:32:47+05:30,2112,9,62,36.1
2022-04-13T21:33:02+05:30,2113,9,62,36.2
2022-04-13T21:33:17+05:30,2114,9,62,36.3
2022-04-13T21:33:32+05:30,2115,9,62,36.3
2022-04-13T21:33:48+05:30,2116,9,62,36.4
2022-04-13T21:34:03+05:30,2117,9,62,36.5
2022-04-13T21:34:18+05:30,2118,9,61,36.5
2022-04-13T21:34:34+05:30,2119,8,61,36.5
2022-04-13T21:34:49+05:30,2120,8,61,36.5
2022-04-13T21:35:04+05:30,2121,8,62,36.5
2022-04-13T21:35:19+05:30,2122,9,61,36.4
2022-04-13T21:35:34+05:30,2123,8,61,36.5
2022-04-13T21:35:50+05:30,2124,9,61,36.5
2022-04-13T21:36:05+05:30,2125,9,61,36.6
2022-04-13T21:36:20+05:30,2126,9,61,36.6
2022-04-13T21:36:36+05:30,2127,9,60,36.7
2022-04-13T21:36:51+05:30,2128,10,60,36.7
2022-04-13T21:37:06+05:30,2129,11,59,37
2022-04-13T21:37:21+05:30,2130,12,57,37.7
2022-04-13T21:37:37+05:30,2131,12,56,38.3
2022-04-13T21:37:52+05:30,2132,13,55,38.6
2022-04-13T21:38:07+05:30,2133,11,54,38.8
2022-04-13T21:38:22+05:30,2134,11,54,38.8
2022-04-13T21:38:38+05:30,2135,11,54,38.7
2022-04-14T11:38:33+05:30,2136,-2,80,32.5
2022-04-14T11:38:48+05:30,2137,0,79,32.6
2022-04-14T11:39:04+05:30,2138,1,79,32.7
2022-04-14T11:39:19+05:30,2139,2,79,32.6
2022-04-14T11:39:34+05:30,2140,0,78,32.6
2022-04-14T11:39:49+05:30,2141,2,79,32.6
2022-04-14T11:40:05+05:30,2142,2,81,32.7
2022-04-14T11:50:00+05:30,2143,-2,83,32.5
2022-04-14T11:53:36+05:30,2144,-2,80,32.8
2022-04-14T11:53:51+05:30,2145,-1,79,32.6
2022-04-14T11:55:51+05:30,2146,10,80,33
2022-04-14T11:56:07+05:30,2147,79,78,32.7
2022-04-14T11:56:22+05:30,2148,-2,77,32.7
2022-04-14T11:56:37+05:30,2149,-2,78,32.7
2022-04-14T11:57:55+05:30,2150,-2,78,32.7
2022-04-14T11:58:11+05:30,2151,-2,78,32.7
2022-04-14T11:58:26+05:30,2152,-2,77,32.7
2022-04-14T11:59:00+05:30,2153,-2,78,32.7
2022-04-14T11:59:15+05:30,2154,-2,78,32.7
2022-04-14T11:59:30+05:30,2155,-2,78,32.7
2022-04-14T11:59:45+05:30,2156,-1,78,32.9
2022-04-14T12:00:00+05:30,2157,2,78,32.9
2022-04-14T12:00:49+05:30,2158,4,78,32.9
2022-04-14T12:01:04+05:30,2159,0,80,33
2022-04-14T12:01:19+05:30,2160,-2,80,32.9
2022-04-14T12:01:34+05:30,2161,-2,80,33
2022-04-14T12:01:50+05:30,2162,-2,77,32.9
2022-04-14T12:02:05+05:30,2163,-2,79,33
2022-04-14T12:03:06+05:30,2164,77,80,33
2022-04-14T12:03:22+05:30,2165,-2,78,32.8
2022-04-14T12:03:37+05:30,2166,-2,78,32.7
2022-04-14T12:04:16+05:30,2167,3,78,32.7
2022-04-14T12:05:37+05:30,2168,2,79,32.7
2022-04-14T12:05:53+05:30,2169,-2,79,32.7
2022-04-14T12:06:08+05:30,2170,5,78,32.8
2022-04-14T12:06:24+05:30,2171,-2,78,32.7
2022-04-14T12:06:40+05:30,2172,52,nan,nan
2022-04-14T12:06:55+05:30,2173,-2,79,32.5
2022-04-14T12:07:10+05:30,2174,-2,78,32.7
2022-04-14T12:07:25+05:30,2175,2,79,32.7
2022-04-14T12:07:40+05:30,2176,2,79,32.7
2022-04-14T12:08:12+05:30,2177,9,79,32.7
2022-04-14T12:10:28+05:30,2178,23,79,32.5
2022-04-14T12:10:48+05:30,2179,2,79,32.5
2022-04-14T12:11:21+05:30,2180,-2,79,32.6
2022-04-14T12:11:54+05:30,2181,-2,79,32.6
2022-04-14T12:12:09+05:30,2182,-2,78,32.5
2022-04-14T12:12:24+05:30,2183,-2,79,32.6
2022-04-14T12:12:39+05:30,2184,-2,80,32.7
2022-04-14T12:12:55+05:30,2185,-2,nan,nan
2022-04-14T12:13:10+05:30,2186,-2,nan,nan
2022-04-14T12:13:25+05:30,2187,-2,81,32.9
2022-04-14T12:13:40+05:30,2188,-2,80,32.7
2022-04-14T12:13:55+05:30,2189,-2,79,32.8
2022-04-14T12:14:11+05:30,2190,-2,79,32.8
2022-04-14T12:14:26+05:30,2191,-2,78,32.7
2022-04-14T12:14:41+05:30,2192,-2,79,32.7
2022-04-14T12:15:05+05:30,2193,-2,79,32.9
2022-04-14T12:15:20+05:30,2194,-2,79,32.7
2022-04-14T12:15:58+05:30,2195,-2,79,32.8
2022-04-14T12:16:13+05:30,2196,-2,80,32.7
2022-04-14T12:16:28+05:30,2197,-2,79,32.8
2022-04-14T12:16:43+05:30,2198,-2,80,32.8
2022-04-14T12:17:25+05:30,2199,-2,82,32.9
2022-04-14T12:17:40+05:30,2200,-2,79,32.7
2022-04-14T12:17:55+05:30,2201,-2,79,32.7
2022-04-14T12:19:20+05:30,2202,-2,80,32.6
2022-04-14T12:19:39+05:30,2203,-2,81,32.7
2022-04-14T12:19:54+05:30,2204,-2,80,32.6
2022-04-14T12:20:09+05:30,2205,-2,80,32.6
2022-04-14T12:20:24+05:30,2206,-2,80,32.6
2022-04-14T12:20:39+05:30,2207,-2,81,32.6
2022-04-14T12:20:57+05:30,2208,-2,83,32.7
2022-04-14T12:21:12+05:30,2209,-2,81,32.7
2022-04-14T12:21:28+05:30,2210,-2,82,32.6
2022-04-14T12:21:43+05:30,2211,-2,nan,nan
2022-04-14T12:21:58+05:30,2212,-2,81,32.6
2022-04-14T12:22:14+05:30,2213,-2,80,32.7
2022-04-14T12:22:29+05:30,2214,-2,80,32.7
2022-04-14T12:25:09+05:30,2215,77,79,32.9
2022-04-14T12:26:04+05:30,2216,42,79,32.9
2022-04-14T12:30:49+05:30,2217,84,79,32.7
2022-04-14T12:31:05+05:30,2218,3,nan,nan
2022-04-14T12:31:33+05:30,2219,5,79,32.7
2022-04-14T12:31:48+05:30,2220,4,80,32.7
2022-04-14T12:32:03+05:30,2221,3,81,33.3
2022-04-14T12:32:18+05:30,2222,69,79,32.3
2022-04-14T12:32:34+05:30,2223,5,79,32.7
2022-04-14T12:40:48+05:30,2224,5,80,32.5
2022-04-14T12:41:03+05:30,2225,3,80,32.4
2022-04-14T12:41:19+05:30,2226,3,80,32.9
2022-04-14T12:41:34+05:30,2227,5,79,32.5
2022-04-14T12:41:49+05:30,2228,3,79,32.8
2022-04-14T12:42:05+05:30,2229,7,81,33.2
2022-04-14T12:42:20+05:30,2230,4,80,32.7
2022-04-14T12:42:35+05:30,2231,2,81,33.2
2022-04-14T12:42:51+05:30,2232,-2,79,32.8
2022-04-14T12:43:06+05:30,2233,70,80,32.5
2022-04-14T12:43:29+05:30,2234,7,81,34.9
2022-04-14T12:43:44+05:30,2235,4,80,32.2
2022-04-14T12:43:59+05:30,2236,5,79,32.7
2022-04-14T12:46:40+05:30,2237,5,82,33
2022-04-14T12:47:15+05:30,2238,4,80,32.7
2022-04-14T12:47:31+05:30,2239,5,81,33.5
2022-04-14T12:47:46+05:30,2240,7,81,33
2022-04-14T12:48:01+05:30,2241,1,nan,nan
2022-04-14T12:48:16+05:30,2242,0,80,32.7
2022-04-14T12:48:31+05:30,2243,5,79,32.6
2022-04-14T12:49:05+05:30,2244,7,80,33.5
2022-04-14T12:49:20+05:30,2245,-2,81,33
2022-04-14T12:49:35+05:30,2246,67,80,33
2022-04-14T12:49:50+05:30,2247,9,80,33.2
2022-04-14T12:50:05+05:30,2248,34,80,33.1
2022-04-14T12:50:20+05:30,2249,35,80,33.1
2022-04-14T12:50:36+05:30,2250,35,80,33.1
2022-04-14T12:50:52+05:30,2251,34,80,33.1
2022-04-14T12:51:07+05:30,2252,8,80,33.1
2022-04-14T12:51:23+05:30,2253,0,79,32.9
2022-04-14T12:51:38+05:30,2254,5,79,32.7
2022-04-14T12:51:54+05:30,2255,4,80,33
2022-04-14T12:52:09+05:30,2256,8,80,33.1
2022-04-14T12:52:24+05:30,2257,12,80,33.5
2022-04-14T12:52:39+05:30,2258,15,80,33.2
